,duration,entry_mode,has_path,source,start_time,total_calories,total_distance,tracking_mode,type,uri,utc_offset,month,month_index,year
0,37.87,API,True,RunKeeper,"Fri, 26 Oct 2018 18:03:16",256,8151.83,outdoor,Cycling,/fitnessActivities/1248977291,-3,Oct,10,2018
1,25.92,API,True,RunKeeper,"Fri, 26 Oct 2018 07:56:50",193,7900.93,outdoor,Cycling,/fitnessActivities/1248977286,-3,Oct,10,2018
2,18.72,API,True,RunKeeper,"Wed, 24 Oct 2018 12:33:35",127,4127.19,outdoor,Cycling,/fitnessActivities/1247963081,-3,Oct,10,2018
3,24.63,API,True,RunKeeper,"Wed, 24 Oct 2018 07:22:57",201,7933.17,outdoor,Cycling,/fitnessActivities/1247963047,-3,Oct,10,2018
4,20.37,API,True,RunKeeper,"Tue, 23 Oct 2018 13:15:36",158,5281.13,outdoor,Cycling,/fitnessActivities/1247963042,-3,Oct,10,2018
5,24.95,API,True,RunKeeper,"Fri, 19 Oct 2018 07:30:10",203,7546.29,outdoor,Cycling,/fitnessActivities/1247963039,-3,Oct,10,2018
6,33.05,API,True,RunKeeper,"Wed, 17 Oct 2018 15:20:50",252,7992.05,outdoor,Cycling,/fitnessActivities/1247963036,-3,Oct,10,2018
7,25.77,API,True,RunKeeper,"Wed, 17 Oct 2018 07:58:51",196,7807.02,outdoor,Cycling,/fitnessActivities/1247963033,-3,Oct,10,2018
8,41.9,API,True,RunKeeper,"Tue, 9 Oct 2018 13:42:13",282,8791.48,outdoor,Cycling,/fitnessActivities/1241059614,-3,Oct,10,2018
9,24.4,API,True,RunKeeper,"Tue, 9 Oct 2018 07:01:20",195,7944.65,outdoor,Cycling,/fitnessActivities/1241059598,-3,Oct,10,2018
10,50.15,API,True,RunKeeper,"Fri, 5 Oct 2018 13:31:20",293,8646.5,outdoor,Cycling,/fitnessActivities/1239128443,-3,Oct,10,2018
11,24.72,API,True,RunKeeper,"Fri, 5 Oct 2018 07:32:10",198,7561.67,outdoor,Cycling,/fitnessActivities/1239108321,-3,Oct,10,2018
12,34.13,API,True,RunKeeper,"Tue, 2 Oct 2018 12:19:17",234,8010.35,outdoor,Cycling,/fitnessActivities/1237705303,-3,Oct,10,2018
13,27.5,API,True,RunKeeper,"Tue, 2 Oct 2018 07:10:18",215,7911.28,outdoor,Cycling,/fitnessActivities/1237576166,-3,Oct,10,2018
14,55.52,API,True,RunKeeper,"Thu, 27 Sep 2018 07:50:07",379,10472.91,outdoor,Cycling,/fitnessActivities/1237541305,-3,Sep,9,2018
15,32.47,API,True,RunKeeper,"Tue, 25 Sep 2018 12:24:03",230,7972.87,outdoor,Cycling,/fitnessActivities/1237541300,-3,Sep,9,2018
16,23.6,API,True,RunKeeper,"Tue, 25 Sep 2018 07:42:44",192,7530.85,outdoor,Cycling,/fitnessActivities/1237541296,-3,Sep,9,2018
17,27.9,API,True,RunKeeper,"Thu, 20 Sep 2018 13:24:59",204,7113.38,outdoor,Cycling,/fitnessActivities/1237541244,-3,Sep,9,2018
18,25.97,API,True,RunKeeper,"Thu, 20 Sep 2018 07:12:25",209,7935.36,outdoor,Cycling,/fitnessActivities/1232056305,-3,Sep,9,2018
19,33.07,API,True,RunKeeper,"Tue, 18 Sep 2018 12:54:14",236,7396.22,outdoor,Cycling,/fitnessActivities/1232056300,-3,Sep,9,2018
20,25.38,API,True,RunKeeper,"Tue, 18 Sep 2018 07:22:49",198,7976.8,outdoor,Cycling,/fitnessActivities/1232056296,-3,Sep,9,2018
21,66.53,API,True,RunKeeper,"Thu, 13 Sep 2018 14:03:45",504,19522.71,outdoor,Cycling,/fitnessActivities/1232056293,-3,Sep,9,2018
22,24.87,API,True,RunKeeper,"Thu, 13 Sep 2018 07:44:54",197,7961.16,outdoor,Cycling,/fitnessActivities/1232056068,-3,Sep,9,2018
23,32.38,API,True,RunKeeper,"Tue, 11 Sep 2018 13:36:48",228,8050.79,outdoor,Cycling,/fitnessActivities/1232056058,-3,Sep,9,2018
24,25.77,API,True,RunKeeper,"Tue, 11 Sep 2018 07:56:25",196,7964.82,outdoor,Cycling,/fitnessActivities/1232056039,-3,Sep,9,2018
25,30.6,API,True,RunKeeper,"Wed, 5 Sep 2018 12:59:40",227,7956.92,outdoor,Cycling,/fitnessActivities/1232056036,-3,Sep,9,2018
26,25.02,API,True,RunKeeper,"Wed, 5 Sep 2018 07:18:07",198,7934.99,outdoor,Cycling,/fitnessActivities/1232056028,-3,Sep,9,2018
27,35.37,API,True,RunKeeper,"Fri, 31 Aug 2018 13:46:10",247,8595.08,outdoor,Cycling,/fitnessActivities/1221821645,-3,Aug,8,2018
28,23.97,API,True,RunKeeper,"Fri, 31 Aug 2018 07:00:07",201,7890.32,outdoor,Cycling,/fitnessActivities/1221793323,-3,Aug,8,2018
29,28.9,API,True,RunKeeper,"Wed, 29 Aug 2018 13:05:19",205,7059.6,outdoor,Cycling,/fitnessActivities/1221793316,-3,Aug,8,2018
30,19.62,API,True,RunKeeper,"Wed, 29 Aug 2018 07:02:00",194,7991.18,outdoor,Cycling,/fitnessActivities/1220779094,-3,Aug,8,2018
31,37.6,API,True,RunKeeper,"Tue, 28 Aug 2018 16:47:58",251,7462.76,outdoor,Cycling,/fitnessActivities/1220371653,-3,Aug,8,2018
32,28.9,API,True,RunKeeper,"Tue, 28 Aug 2018 10:00:13",229,7871.26,outdoor,Cycling,/fitnessActivities/1220167250,-3,Aug,8,2018
33,25.72,API,True,RunKeeper,"Fri, 24 Aug 2018 07:58:25",205,7936.99,outdoor,Cycling,/fitnessActivities/1218036090,-3,Aug,8,2018
34,26.78,API,True,RunKeeper,"Thu, 23 Aug 2018 14:13:13",202,7052.72,outdoor,Cycling,/fitnessActivities/1217721948,-3,Aug,8,2018
35,24.22,API,True,RunKeeper,"Thu, 23 Aug 2018 07:52:33",197,7957.77,outdoor,Cycling,/fitnessActivities/1217721945,-3,Aug,8,2018
36,74.45,API,True,RunKeeper,"Fri, 17 Aug 2018 15:40:24",602,20371.78,outdoor,Cycling,/fitnessActivities/1217721941,-3,Aug,8,2018
37,21.22,API,True,RunKeeper,"Fri, 17 Aug 2018 07:12:26",195,7527.06,outdoor,Cycling,/fitnessActivities/1217721937,-3,Aug,8,2018
38,30.17,API,True,RunKeeper,"Thu, 16 Aug 2018 16:28:17",230,8057.81,outdoor,Cycling,/fitnessActivities/1213990570,-3,Aug,8,2018
39,24.68,API,True,RunKeeper,"Thu, 16 Aug 2018 07:15:48",210,7984.09,outdoor,Cycling,/fitnessActivities/1213980180,-3,Aug,8,2018
40,34.78,API,True,RunKeeper,"Tue, 14 Aug 2018 13:33:37",248,8341.23,outdoor,Cycling,/fitnessActivities/1212813981,-3,Aug,8,2018
41,26.78,API,True,RunKeeper,"Tue, 14 Aug 2018 07:17:28",209,7893.42,outdoor,Cycling,/fitnessActivities/1212783052,-3,Aug,8,2018
42,38.92,API,True,RunKeeper,"Fri, 10 Aug 2018 17:56:41",248,8177.41,outdoor,Cycling,/fitnessActivities/1212783048,-3,Aug,8,2018
43,25.65,API,True,RunKeeper,"Fri, 10 Aug 2018 07:33:52",211,7909.33,outdoor,Cycling,/fitnessActivities/1210777044,-3,Aug,8,2018
44,34.43,API,True,RunKeeper,"Thu, 9 Aug 2018 15:33:08",244,8353.29,outdoor,Cycling,/fitnessActivities/1210271843,-3,Aug,8,2018
45,31.32,API,True,RunKeeper,"Thu, 9 Aug 2018 06:52:02",236,7552.43,outdoor,Cycling,/fitnessActivities/1210256071,-3,Aug,8,2018
46,30.07,API,True,RunKeeper,"Wed, 8 Aug 2018 12:57:06",224,7935.05,outdoor,Cycling,/fitnessActivities/1209661383,-3,Aug,8,2018
47,25.65,API,True,RunKeeper,"Wed, 8 Aug 2018 06:48:45",204,7917.25,outdoor,Cycling,/fitnessActivities/1209647123,-3,Aug,8,2018
48,29.6,API,True,RunKeeper,"Tue, 7 Aug 2018 16:46:05",204,7051.16,outdoor,Cycling,/fitnessActivities/1209473345,-3,Aug,8,2018
49,29.88,API,True,RunKeeper,"Tue, 7 Aug 2018 07:47:31",230,7941.39,outdoor,Cycling,/fitnessActivities/1209473340,-3,Aug,8,2018
50,34.85,API,True,RunKeeper,"Thu, 2 Aug 2018 17:54:52",246,8158.04,outdoor,Cycling,/fitnessActivities/1209473334,-3,Aug,8,2018
51,24.17,API,True,RunKeeper,"Thu, 2 Aug 2018 07:37:22",203,7946.08,outdoor,Cycling,/fitnessActivities/1206631817,-3,Aug,8,2018
52,28.83,API,True,RunKeeper,"Wed, 1 Aug 2018 14:08:38",221,7936.62,outdoor,Cycling,/fitnessActivities/1206016406,-3,Aug,8,2018
53,21.98,API,True,RunKeeper,"Wed, 1 Aug 2018 08:16:14",203,7942.69,outdoor,Cycling,/fitnessActivities/1206016395,-3,Aug,8,2018
54,25.92,API,True,RunKeeper,"Tue, 31 Jul 2018 16:12:23",201,7091.2,outdoor,Cycling,/fitnessActivities/1205520224,-3,Jul,7,2018
55,24.53,API,True,RunKeeper,"Tue, 31 Jul 2018 07:14:04",213,7919.78,outdoor,Cycling,/fitnessActivities/1205506700,-3,Jul,7,2018
56,32.57,API,True,RunKeeper,"Thu, 26 Jul 2018 17:46:15",240,7930.54,outdoor,Cycling,/fitnessActivities/1203056263,-3,Jul,7,2018
57,22.88,API,True,RunKeeper,"Thu, 26 Jul 2018 08:33:13",199,7916.7,outdoor,Cycling,/fitnessActivities/1203056249,-3,Jul,7,2018
58,41.43,API,True,RunKeeper,"Wed, 25 Jul 2018 13:47:13",331,8375.28,outdoor,Cycling,/fitnessActivities/1202487043,-3,Jul,7,2018
59,23.77,API,True,RunKeeper,"Wed, 25 Jul 2018 07:57:42",201,7956.04,outdoor,Cycling,/fitnessActivities/1202456675,-3,Jul,7,2018
60,25.83,API,True,RunKeeper,"Tue, 24 Jul 2018 15:00:24",176,5253.84,outdoor,Cycling,/fitnessActivities/1201964782,-3,Jul,7,2018
61,25.33,API,True,RunKeeper,"Fri, 20 Jul 2018 12:47:04",182,5713.2,outdoor,Cycling,/fitnessActivities/1201950707,-3,Jul,7,2018
62,22.3,API,True,RunKeeper,"Fri, 20 Jul 2018 08:04:29",201,7544.08,outdoor,Cycling,/fitnessActivities/1201950695,-3,Jul,7,2018
63,32.9,API,True,RunKeeper,"Thu, 19 Jul 2018 16:11:12",212,7092.04,outdoor,Cycling,/fitnessActivities/1199405137,-3,Jul,7,2018
64,23.38,API,True,RunKeeper,"Thu, 19 Jul 2018 08:41:37",195,7931.52,outdoor,Cycling,/fitnessActivities/1199405132,-3,Jul,7,2018
65,33.33,API,True,RunKeeper,"Wed, 18 Jul 2018 17:42:56",237,8002.39,outdoor,Cycling,/fitnessActivities/1198893055,-3,Jul,7,2018
66,24.43,API,True,RunKeeper,"Wed, 18 Jul 2018 08:01:29",204,7919.62,outdoor,Cycling,/fitnessActivities/1198881215,-3,Jul,7,2018
67,28.62,API,True,RunKeeper,"Tue, 17 Jul 2018 16:10:50",205,7091.74,outdoor,Cycling,/fitnessActivities/1198881210,-3,Jul,7,2018
68,22.52,API,True,RunKeeper,"Tue, 17 Jul 2018 07:49:40",202,7927.89,outdoor,Cycling,/fitnessActivities/1198277210,-3,Jul,7,2018
69,32.95,API,True,RunKeeper,"Fri, 13 Jul 2018 14:38:37",231,8059.38,outdoor,Cycling,/fitnessActivities/1196172652,-3,Jul,7,2018
70,24.68,API,True,RunKeeper,"Fri, 13 Jul 2018 07:56:33",205,7944.68,outdoor,Cycling,/fitnessActivities/1196133453,-3,Jul,7,2018
71,35.57,API,True,RunKeeper,"Thu, 12 Jul 2018 17:41:19",246,7965.63,outdoor,Cycling,/fitnessActivities/1195718471,-3,Jul,7,2018
72,25.62,API,True,RunKeeper,"Thu, 12 Jul 2018 07:45:18",201,7928.63,outdoor,Cycling,/fitnessActivities/1195706781,-3,Jul,7,2018
73,48.02,API,True,RunKeeper,"Thu, 5 Jul 2018 12:06:01",341,10657.59,outdoor,Cycling,/fitnessActivities/1191889236,-3,Jul,7,2018
74,22.52,API,True,RunKeeper,"Thu, 5 Jul 2018 07:20:09",206,7937.28,outdoor,Cycling,/fitnessActivities/1191889234,-3,Jul,7,2018
75,22.32,API,True,RunKeeper,"Wed, 4 Jul 2018 07:01:09",196,7595.26,outdoor,Cycling,/fitnessActivities/1191889228,-3,Jul,7,2018
76,41.02,API,True,RunKeeper,"Tue, 3 Jul 2018 13:29:31",312,11155.38,outdoor,Cycling,/fitnessActivities/1191889225,-3,Jul,7,2018
77,22.0,API,True,RunKeeper,"Tue, 3 Jul 2018 06:31:43",198,7546.41,outdoor,Cycling,/fitnessActivities/1191889222,-3,Jul,7,2018
78,31.93,API,True,RunKeeper,"Thu, 28 Jun 2018 13:46:57",232,7922.09,outdoor,Cycling,/fitnessActivities/1188342246,-3,Jun,6,2018
79,23.4,API,True,RunKeeper,"Thu, 28 Jun 2018 07:06:57",208,7956.93,outdoor,Cycling,/fitnessActivities/1188342235,-3,Jun,6,2018
80,33.63,API,True,RunKeeper,"Wed, 27 Jun 2018 17:15:42",232,8097.79,outdoor,Cycling,/fitnessActivities/1187937389,-3,Jun,6,2018
81,25.02,API,True,RunKeeper,"Wed, 27 Jun 2018 07:55:21",203,7947.97,outdoor,Cycling,/fitnessActivities/1187937370,-3,Jun,6,2018
82,30.05,API,True,RunKeeper,"Thu, 21 Jun 2018 16:54:01",215,7093.9,outdoor,Cycling,/fitnessActivities/1184768910,-3,Jun,6,2018
83,22.57,API,True,RunKeeper,"Thu, 21 Jun 2018 07:14:11",208,7577.02,outdoor,Cycling,/fitnessActivities/1184720565,-3,Jun,6,2018
84,31.23,API,True,RunKeeper,"Wed, 20 Jun 2018 16:33:00",228,7924.11,outdoor,Cycling,/fitnessActivities/1184236496,-3,Jun,6,2018
85,23.55,API,True,RunKeeper,"Wed, 20 Jun 2018 07:08:26",213,7957.52,outdoor,Cycling,/fitnessActivities/1184224020,-3,Jun,6,2018
86,30.58,API,True,RunKeeper,"Tue, 19 Jun 2018 17:23:10",233,7975.59,outdoor,Cycling,/fitnessActivities/1183726261,-3,Jun,6,2018
87,25.02,API,True,RunKeeper,"Tue, 19 Jun 2018 06:55:32",199,7927.79,outdoor,Cycling,/fitnessActivities/1183726259,-3,Jun,6,2018
88,30.42,API,True,RunKeeper,"Fri, 15 Jun 2018 14:03:01",226,7927.4,outdoor,Cycling,/fitnessActivities/1183726253,-3,Jun,6,2018
89,21.9,API,True,RunKeeper,"Fri, 15 Jun 2018 07:25:43",201,7946.09,outdoor,Cycling,/fitnessActivities/1181404469,-3,Jun,6,2018
90,34.62,API,True,RunKeeper,"Thu, 14 Jun 2018 14:13:34",261,9425.59,outdoor,Cycling,/fitnessActivities/1181082485,-3,Jun,6,2018
91,23.65,API,True,RunKeeper,"Thu, 14 Jun 2018 06:52:52",206,7543.29,outdoor,Cycling,/fitnessActivities/1181064641,-3,Jun,6,2018
92,41.02,API,True,RunKeeper,"Wed, 13 Jun 2018 13:53:26",272,8046.88,outdoor,Cycling,/fitnessActivities/1180563508,-3,Jun,6,2018
93,23.58,API,True,RunKeeper,"Wed, 13 Jun 2018 07:15:21",201,7966.16,outdoor,Cycling,/fitnessActivities/1180537354,-3,Jun,6,2018
94,54.22,API,True,RunKeeper,"Tue, 12 Jun 2018 15:27:27",345,8378.88,outdoor,Cycling,/fitnessActivities/1180068455,-3,Jun,6,2018
95,24.73,API,True,RunKeeper,"Tue, 12 Jun 2018 06:53:48",201,7920.02,outdoor,Cycling,/fitnessActivities/1180036004,-3,Jun,6,2018
96,32.67,API,True,RunKeeper,"Thu, 7 Jun 2018 16:19:50",239,7912.43,outdoor,Cycling,/fitnessActivities/1177415544,-3,Jun,6,2018
97,26.15,API,True,RunKeeper,"Thu, 7 Jun 2018 07:59:02",199,7934.06,outdoor,Cycling,/fitnessActivities/1177162334,-3,Jun,6,2018
98,36.05,API,True,RunKeeper,"Tue, 5 Jun 2018 16:00:53",265,7973.55,outdoor,Cycling,/fitnessActivities/1177149557,-3,Jun,6,2018
99,23.12,API,True,RunKeeper,"Tue, 5 Jun 2018 07:46:32",195,7950.38,outdoor,Cycling,/fitnessActivities/1176022619,-3,Jun,6,2018
100,29.62,API,True,RunKeeper,"Wed, 30 May 2018 14:28:34",216,7386.05,outdoor,Cycling,/fitnessActivities/1173063200,-3,May,5,2018
101,21.77,API,True,RunKeeper,"Wed, 30 May 2018 07:22:15",199,7940.26,outdoor,Cycling,/fitnessActivities/1172756109,-3,May,5,2018
102,28.77,API,True,RunKeeper,"Tue, 29 May 2018 17:31:12",221,7942.89,outdoor,Cycling,/fitnessActivities/1172500436,-3,May,5,2018
103,21.37,API,True,RunKeeper,"Tue, 29 May 2018 06:50:25",202,7954.11,outdoor,Cycling,/fitnessActivities/1172490494,-3,May,5,2018
104,28.12,API,True,RunKeeper,"Fri, 25 May 2018 14:36:03",207,7166.35,outdoor,Cycling,/fitnessActivities/1170261042,-3,May,5,2018
105,22.95,API,True,RunKeeper,"Fri, 25 May 2018 08:12:56",198,7540.59,outdoor,Cycling,/fitnessActivities/1170233680,-3,May,5,2018
106,25.25,API,True,RunKeeper,"Thu, 24 May 2018 18:55:53",199,7391.37,outdoor,Cycling,/fitnessActivities/1169843019,-3,May,5,2018
107,22.23,API,True,RunKeeper,"Thu, 24 May 2018 07:24:30",196,7520.39,outdoor,Cycling,/fitnessActivities/1169834377,-3,May,5,2018
108,27.97,API,True,RunKeeper,"Wed, 23 May 2018 14:11:08",210,7443.03,outdoor,Cycling,/fitnessActivities/1169144944,-3,May,5,2018
109,21.93,API,True,RunKeeper,"Wed, 23 May 2018 07:38:26",195,7507.11,outdoor,Cycling,/fitnessActivities/1169123144,-3,May,5,2018
110,28.17,API,True,RunKeeper,"Tue, 22 May 2018 14:18:17",215,7354.2,outdoor,Cycling,/fitnessActivities/1169123125,-3,May,5,2018
111,22.13,API,True,RunKeeper,"Tue, 22 May 2018 07:53:29",194,7531.96,outdoor,Cycling,/fitnessActivities/1168369561,-3,May,5,2018
112,80.02,API,True,RunKeeper,"Fri, 18 May 2018 15:31:10",621,20399.56,outdoor,Cycling,/fitnessActivities/1166352274,-3,May,5,2018
113,29.38,API,True,RunKeeper,"Fri, 18 May 2018 08:00:20",216,8155.09,outdoor,Cycling,/fitnessActivities/1166327212,-3,May,5,2018
114,31.7,API,True,RunKeeper,"Thu, 17 May 2018 17:20:26",235,7972.25,outdoor,Cycling,/fitnessActivities/1165898370,-3,May,5,2018
115,26.92,API,True,RunKeeper,"Thu, 17 May 2018 07:56:37",223,7939.14,outdoor,Cycling,/fitnessActivities/1165888156,-3,May,5,2018
116,65.53,API,True,RunKeeper,"Wed, 16 May 2018 15:27:54",510,20067.36,outdoor,Cycling,/fitnessActivities/1165342915,-3,May,5,2018
117,24.02,API,True,RunKeeper,"Wed, 16 May 2018 07:50:00",210,8024.31,outdoor,Cycling,/fitnessActivities/1165305685,-3,May,5,2018
118,27.45,API,True,RunKeeper,"Tue, 15 May 2018 16:30:22",207,7037.85,outdoor,Cycling,/fitnessActivities/1165305677,-3,May,5,2018
119,23.78,API,True,RunKeeper,"Tue, 15 May 2018 07:27:21",201,7944.5,outdoor,Cycling,/fitnessActivities/1164464928,-3,May,5,2018
120,62.52,API,True,RunKeeper,"Thu, 10 May 2018 14:13:22",387,8518.29,outdoor,Cycling,/fitnessActivities/1161944827,-3,May,5,2018
121,28.13,API,True,RunKeeper,"Thu, 10 May 2018 07:47:59",224,8188.75,outdoor,Cycling,/fitnessActivities/1161910765,-3,May,5,2018
122,110.0,API,True,RunKeeper,"Wed, 9 May 2018 13:08:03",659,12774.74,outdoor,Cycling,/fitnessActivities/1161337389,-3,May,5,2018
123,23.65,API,True,RunKeeper,"Wed, 9 May 2018 07:14:20",203,7956.72,outdoor,Cycling,/fitnessActivities/1161275661,-3,May,5,2018
124,35.55,API,True,RunKeeper,"Thu, 3 May 2018 17:35:15",250,8181.55,outdoor,Cycling,/fitnessActivities/1157952472,-3,May,5,2018
125,25.28,API,True,RunKeeper,"Thu, 3 May 2018 07:00:40",210,7632.42,outdoor,Cycling,/fitnessActivities/1157940534,-3,May,5,2018
126,27.95,API,True,RunKeeper,"Wed, 2 May 2018 14:36:21",203,7045.59,outdoor,Cycling,/fitnessActivities/1157339192,-3,May,5,2018
127,25.1,API,True,RunKeeper,"Wed, 2 May 2018 06:58:05",215,7985.31,outdoor,Cycling,/fitnessActivities/1157339184,-3,May,5,2018
128,32.9,API,True,RunKeeper,"Mon, 30 Apr 2018 13:22:02",226,5302.58,outdoor,Cycling,/fitnessActivities/1157339174,-3,Apr,4,2018
129,33.55,API,True,RunKeeper,"Fri, 27 Apr 2018 15:17:16",254,9442.59,outdoor,Cycling,/fitnessActivities/1154568046,-3,Apr,4,2018
130,24.03,API,True,RunKeeper,"Fri, 27 Apr 2018 07:54:46",197,7935.38,outdoor,Cycling,/fitnessActivities/1154568043,-3,Apr,4,2018
131,26.37,API,True,RunKeeper,"Wed, 25 Apr 2018 07:51:46",212,7945.72,outdoor,Cycling,/fitnessActivities/1154568038,-3,Apr,4,2018
132,22.0,API,True,RunKeeper,"Tue, 24 Apr 2018 08:00:59",201,7562.14,outdoor,Cycling,/fitnessActivities/1154567966,-3,Apr,4,2018
133,30.18,API,True,RunKeeper,"Mon, 23 Apr 2018 16:51:10",239,7936.7,outdoor,Cycling,/fitnessActivities/1154567964,-3,Apr,4,2018
134,26.75,API,True,RunKeeper,"Mon, 23 Apr 2018 06:54:00",219,7974.47,outdoor,Cycling,/fitnessActivities/1154567961,-3,Apr,4,2018
135,45.68,API,True,RunKeeper,"Thu, 19 Apr 2018 14:34:54",317,8174.73,outdoor,Cycling,/fitnessActivities/1154567958,-3,Apr,4,2018
136,22.7,API,True,RunKeeper,"Thu, 19 Apr 2018 07:42:49",208,7941.44,outdoor,Cycling,/fitnessActivities/1154567954,-3,Apr,4,2018
137,68.93,API,True,RunKeeper,"Wed, 18 Apr 2018 16:08:08",547,19545.6,outdoor,Cycling,/fitnessActivities/1149757907,-3,Apr,4,2018
138,23.32,API,True,RunKeeper,"Thu, 12 Apr 2018 06:46:21",209,7949.06,outdoor,Cycling,/fitnessActivities/1149728366,-3,Apr,4,2018
139,35.3,API,True,RunKeeper,"Wed, 11 Apr 2018 07:49:48",271,8455.65,outdoor,Cycling,/fitnessActivities/1149728356,-3,Apr,4,2018
140,57.98,API,True,RunKeeper,"Tue, 10 Apr 2018 07:28:18",388,8471.11,outdoor,Cycling,/fitnessActivities/1149728343,-3,Apr,4,2018
141,23.63,API,True,RunKeeper,"Wed, 4 Apr 2018 07:25:42",208,7948.05,outdoor,Cycling,/fitnessActivities/1145053973,-3,Apr,4,2018
142,22.98,API,True,RunKeeper,"Tue, 3 Apr 2018 06:56:11",216,7959.96,outdoor,Cycling,/fitnessActivities/1141818663,-3,Apr,4,2018
143,33.68,API,True,RunKeeper,"Thu, 1 Mar 2018 13:10:26",253,8027.36,outdoor,Cycling,/fitnessActivities/1127677094,-3,Mar,3,2018
144,29.8,API,True,RunKeeper,"Thu, 1 Mar 2018 07:44:17",197,8014.31,outdoor,Cycling,/fitnessActivities/1127667589,-3,Mar,3,2018
145,59.85,API,True,RunKeeper,"Wed, 28 Feb 2018 14:50:37",454,11389.79,outdoor,Cycling,/fitnessActivities/1127368438,-3,Feb,2,2018
146,24.9,API,True,RunKeeper,"Wed, 28 Feb 2018 07:22:15",204,7925.7,outdoor,Cycling,/fitnessActivities/1127347772,-3,Feb,2,2018
147,28.72,API,True,RunKeeper,"Tue, 27 Feb 2018 14:34:41",216,7244.52,outdoor,Cycling,/fitnessActivities/1126959887,-3,Feb,2,2018
148,23.27,API,True,RunKeeper,"Tue, 27 Feb 2018 07:43:35",196,7978.21,outdoor,Cycling,/fitnessActivities/1126835458,-3,Feb,2,2018
149,31.0,API,True,RunKeeper,"Fri, 23 Feb 2018 13:20:48",239,7991.67,outdoor,Cycling,/fitnessActivities/1125192554,-3,Feb,2,2018
150,23.08,API,True,RunKeeper,"Fri, 23 Feb 2018 08:05:09",193,7504.98,outdoor,Cycling,/fitnessActivities/1125107541,-3,Feb,2,2018
151,63.92,API,True,RunKeeper,"Thu, 22 Feb 2018 13:36:18",402,7898.09,outdoor,Cycling,/fitnessActivities/1124835518,-3,Feb,2,2018
152,31.03,API,True,RunKeeper,"Thu, 22 Feb 2018 07:18:54",254,9229.09,outdoor,Cycling,/fitnessActivities/1124685193,-3,Feb,2,2018
153,30.75,API,True,RunKeeper,"Wed, 21 Feb 2018 14:55:37",219,7546.37,outdoor,Cycling,/fitnessActivities/1124444085,-3,Feb,2,2018
154,23.03,API,True,RunKeeper,"Wed, 21 Feb 2018 07:16:58",197,8007.09,outdoor,Cycling,/fitnessActivities/1124431061,-3,Feb,2,2018
155,37.58,API,True,RunKeeper,"Tue, 20 Feb 2018 13:47:32",272,7844.95,outdoor,Cycling,/fitnessActivities/1123952317,-3,Feb,2,2018
156,22.83,API,True,RunKeeper,"Fri, 16 Feb 2018 07:47:06",195,8037.46,outdoor,Cycling,/fitnessActivities/1123935171,-3,Feb,2,2018
157,51.47,API,True,RunKeeper,"Thu, 8 Feb 2018 15:17:17",359,9941.12,outdoor,Cycling,/fitnessActivities/1118909255,-3,Feb,2,2018
158,51.62,API,True,RunKeeper,"Wed, 7 Feb 2018 15:14:37",365,10799.88,outdoor,Cycling,/fitnessActivities/1118528896,-3,Feb,2,2018
159,24.75,API,True,RunKeeper,"Wed, 7 Feb 2018 07:41:23",203,7600.19,outdoor,Cycling,/fitnessActivities/1118502558,-3,Feb,2,2018
160,34.18,API,True,RunKeeper,"Tue, 6 Feb 2018 13:40:13",334,7549.84,outdoor,Cycling,/fitnessActivities/1118074772,-3,Feb,2,2018
161,25.32,API,True,RunKeeper,"Tue, 6 Feb 2018 07:53:10",199,8032.22,outdoor,Cycling,/fitnessActivities/1118054368,-3,Feb,2,2018
162,26.77,API,True,RunKeeper,"Mon, 5 Feb 2018 13:32:16",293,6035.03,outdoor,Cycling,/fitnessActivities/1117655052,-3,Feb,2,2018
163,32.85,API,True,RunKeeper,"Fri, 2 Feb 2018 14:27:56",167,5109.99,outdoor,Cycling,/fitnessActivities/1117639277,-3,Feb,2,2018
164,30.92,API,True,RunKeeper,"Fri, 2 Feb 2018 08:14:23",238,7945.1,outdoor,Cycling,/fitnessActivities/1116268653,-3,Feb,2,2018
165,27.85,API,True,RunKeeper,"Thu, 1 Feb 2018 13:16:55",209,7552.54,outdoor,Cycling,/fitnessActivities/1115982955,-3,Feb,2,2018
166,25.55,API,True,RunKeeper,"Thu, 1 Feb 2018 08:02:48",207,7979.75,outdoor,Cycling,/fitnessActivities/1115972706,-3,Feb,2,2018
167,32.42,API,True,RunKeeper,"Wed, 31 Jan 2018 14:03:08",234,7806.02,outdoor,Cycling,/fitnessActivities/1115620196,-3,Jan,1,2018
168,23.88,API,True,RunKeeper,"Wed, 31 Jan 2018 07:52:39",199,8003.53,outdoor,Cycling,/fitnessActivities/1115493046,-3,Jan,1,2018
169,34.05,API,True,RunKeeper,"Tue, 30 Jan 2018 13:10:35",249,8169.14,outdoor,Cycling,/fitnessActivities/1115233031,-3,Jan,1,2018
170,36.42,API,True,RunKeeper,"Tue, 30 Jan 2018 08:10:54",283,9099.31,outdoor,Cycling,/fitnessActivities/1115592218,-3,Jan,1,2018
171,18.62,API,True,RunKeeper,"Thu, 25 Jan 2018 12:57:22",168,4939.8,outdoor,Cycling,/fitnessActivities/1112947147,-3,Jan,1,2018
172,31.47,API,True,RunKeeper,"Thu, 25 Jan 2018 12:06:32",0,0.0,outdoor,Cycling,/fitnessActivities/1112932507,-3,Jan,1,2018
173,31.07,API,True,RunKeeper,"Thu, 25 Jan 2018 07:17:25",266,10187.84,outdoor,Cycling,/fitnessActivities/1112836443,-3,Jan,1,2018
174,27.47,API,True,RunKeeper,"Tue, 23 Jan 2018 14:10:02",209,7161.5,outdoor,Cycling,/fitnessActivities/1112156242,-3,Jan,1,2018
175,32.58,API,True,RunKeeper,"Tue, 23 Jan 2018 07:59:07",258,9063.91,outdoor,Cycling,/fitnessActivities/1112021512,-3,Jan,1,2018
176,30.83,API,True,RunKeeper,"Fri, 19 Jan 2018 14:03:14",215,7576.73,outdoor,Cycling,/fitnessActivities/1110431846,-3,Jan,1,2018
177,23.52,API,True,RunKeeper,"Fri, 19 Jan 2018 08:07:42",189,7958.33,outdoor,Cycling,/fitnessActivities/1110218116,-3,Jan,1,2018
178,23.83,API,True,RunKeeper,"Thu, 18 Jan 2018 07:51:31",193,7648.13,outdoor,Cycling,/fitnessActivities/1109854055,-3,Jan,1,2018
179,35.73,API,True,RunKeeper,"Wed, 17 Jan 2018 15:21:57",262,8479.62,outdoor,Cycling,/fitnessActivities/1109624086,-3,Jan,1,2018
180,23.6,API,True,RunKeeper,"Wed, 17 Jan 2018 07:49:41",195,7927.98,outdoor,Cycling,/fitnessActivities/1109478786,-3,Jan,1,2018
181,54.38,API,True,RunKeeper,"Tue, 16 Jan 2018 16:09:49",355,8759.02,outdoor,Cycling,/fitnessActivities/1109289135,-3,Jan,1,2018
182,23.12,API,True,RunKeeper,"Tue, 16 Jan 2018 08:18:59",208,7933.54,outdoor,Cycling,/fitnessActivities/1109289129,-3,Jan,1,2018
183,35.42,API,True,RunKeeper,"Mon, 15 Jan 2018 17:09:11",260,8460.39,outdoor,Cycling,/fitnessActivities/1109289125,-3,Jan,1,2018
184,24.65,API,True,RunKeeper,"Mon, 15 Jan 2018 07:08:22",194,7809.0,outdoor,Cycling,/fitnessActivities/1109289115,-3,Jan,1,2018
185,48.62,API,True,RunKeeper,"Fri, 12 Jan 2018 12:51:20",322,8737.15,outdoor,Cycling,/fitnessActivities/1109289108,-3,Jan,1,2018
186,24.28,API,True,RunKeeper,"Fri, 12 Jan 2018 07:53:29",190,7893.31,outdoor,Cycling,/fitnessActivities/1107348301,-3,Jan,1,2018
187,44.48,API,True,RunKeeper,"Thu, 11 Jan 2018 13:52:32",285,8416.07,outdoor,Cycling,/fitnessActivities/1107119809,-3,Jan,1,2018
188,25.33,API,True,RunKeeper,"Thu, 11 Jan 2018 07:48:33",196,7983.88,outdoor,Cycling,/fitnessActivities/1106963918,-3,Jan,1,2018
189,96.43,API,True,RunKeeper,"Wed, 10 Jan 2018 13:51:34",635,13083.27,outdoor,Cycling,/fitnessActivities/1106762599,-3,Jan,1,2018
190,24.18,API,True,RunKeeper,"Wed, 10 Jan 2018 08:00:37",198,7996.19,outdoor,Cycling,/fitnessActivities/1106540484,-3,Jan,1,2018
191,23.72,API,True,RunKeeper,"Mon, 8 Jan 2018 08:01:15",203,8005.27,outdoor,Cycling,/fitnessActivities/1107119806,-3,Jan,1,2018
192,151.68,API,True,RunKeeper,"Thu, 28 Dec 2017 07:19:59",1188,41761.12,outdoor,Cycling,/fitnessActivities/1101473884,-3,Dec,12,2017
193,67.32,API,True,RunKeeper,"Fri, 15 Dec 2017 15:32:17",484,11757.01,outdoor,Cycling,/fitnessActivities/1101473873,-3,Dec,12,2017
194,25.85,API,True,RunKeeper,"Fri, 15 Dec 2017 08:42:32",200,7962.25,outdoor,Cycling,/fitnessActivities/1097373760,-3,Dec,12,2017
195,29.53,API,True,RunKeeper,"Thu, 14 Dec 2017 15:00:12",234,7939.11,outdoor,Cycling,/fitnessActivities/1097126436,-3,Dec,12,2017
196,25.13,API,True,RunKeeper,"Thu, 14 Dec 2017 07:50:04",205,7511.08,outdoor,Cycling,/fitnessActivities/1097012016,-3,Dec,12,2017
197,29.07,API,True,RunKeeper,"Wed, 13 Dec 2017 13:23:58",213,7473.01,outdoor,Cycling,/fitnessActivities/1096873285,-3,Dec,12,2017
198,22.25,API,True,RunKeeper,"Wed, 13 Dec 2017 07:40:21",201,7654.77,outdoor,Cycling,/fitnessActivities/1096715927,-3,Dec,12,2017
199,28.77,API,True,RunKeeper,"Thu, 7 Dec 2017 15:14:25",218,7110.53,outdoor,Cycling,/fitnessActivities/1094976617,-3,Dec,12,2017
200,21.82,API,True,RunKeeper,"Thu, 7 Dec 2017 07:36:00",184,7613.46,outdoor,Cycling,/fitnessActivities/1094835049,-3,Dec,12,2017
201,32.5,API,True,RunKeeper,"Wed, 6 Dec 2017 16:43:24",242,8100.35,outdoor,Cycling,/fitnessActivities/1094660347,-3,Dec,12,2017
202,23.95,API,True,RunKeeper,"Wed, 6 Dec 2017 07:46:53",205,7881.96,outdoor,Cycling,/fitnessActivities/1094484702,-3,Dec,12,2017
203,43.53,API,True,RunKeeper,"Tue, 5 Dec 2017 14:10:46",281,7809.56,outdoor,Cycling,/fitnessActivities/1094280681,-3,Dec,12,2017
204,24.12,API,True,RunKeeper,"Tue, 5 Dec 2017 08:09:56",188,7887.01,outdoor,Cycling,/fitnessActivities/1094125018,-3,Dec,12,2017
205,123.12,API,True,RunKeeper,"Fri, 1 Dec 2017 13:38:38",716,8973.92,outdoor,Cycling,/fitnessActivities/1092704167,-3,Dec,12,2017
206,27.72,API,True,RunKeeper,"Fri, 1 Dec 2017 07:40:54",213,7980.27,outdoor,Cycling,/fitnessActivities/1092575535,-3,Dec,12,2017
207,26.33,API,True,RunKeeper,"Wed, 29 Nov 2017 14:55:09",207,7090.93,outdoor,Cycling,/fitnessActivities/1092575530,-3,Nov,11,2017
208,41.17,API,True,RunKeeper,"Wed, 29 Nov 2017 07:45:23",283,9264.97,outdoor,Cycling,/fitnessActivities/1091861090,-3,Nov,11,2017
209,30.8,API,True,RunKeeper,"Tue, 28 Nov 2017 14:36:10",238,8082.32,outdoor,Cycling,/fitnessActivities/1091590367,-3,Nov,11,2017
210,23.88,API,True,RunKeeper,"Tue, 28 Nov 2017 07:47:50",193,7977.83,outdoor,Cycling,/fitnessActivities/1091450009,-3,Nov,11,2017
211,41.75,API,True,RunKeeper,"Fri, 24 Nov 2017 14:11:16",279,7205.78,outdoor,Cycling,/fitnessActivities/1089963366,-3,Nov,11,2017
212,25.48,API,True,RunKeeper,"Fri, 24 Nov 2017 07:33:50",205,8011.97,outdoor,Cycling,/fitnessActivities/1089816941,-3,Nov,11,2017
213,47.47,API,True,RunKeeper,"Thu, 23 Nov 2017 15:03:23",321,9220.48,outdoor,Cycling,/fitnessActivities/1089637044,-3,Nov,11,2017
214,25.5,API,True,RunKeeper,"Thu, 23 Nov 2017 07:35:04",201,7941.14,outdoor,Cycling,/fitnessActivities/1089405860,-3,Nov,11,2017
215,46.3,API,True,RunKeeper,"Wed, 22 Nov 2017 13:47:50",309,8469.81,outdoor,Cycling,/fitnessActivities/1089650933,-3,Nov,11,2017
216,23.6,API,True,RunKeeper,"Wed, 22 Nov 2017 07:54:48",200,7677.36,outdoor,Cycling,/fitnessActivities/1089025941,-3,Nov,11,2017
217,43.25,API,True,RunKeeper,"Thu, 16 Nov 2017 13:45:23",292,8619.12,outdoor,Cycling,/fitnessActivities/1086561932,-3,Nov,11,2017
218,27.85,API,True,RunKeeper,"Thu, 16 Nov 2017 07:42:20",210,8079.2,outdoor,Cycling,/fitnessActivities/1086452103,-3,Nov,11,2017
219,28.33,API,True,RunKeeper,"Tue, 14 Nov 2017 13:33:15",200,7009.17,outdoor,Cycling,/fitnessActivities/1085679506,-3,Nov,11,2017
220,26.98,API,True,RunKeeper,"Tue, 14 Nov 2017 07:40:24",206,7944.72,outdoor,Cycling,/fitnessActivities/1085509757,-3,Nov,11,2017
221,44.25,API,True,RunKeeper,"Wed, 8 Nov 2017 13:25:10",297,7992.33,outdoor,Cycling,/fitnessActivities/1082906782,-3,Nov,11,2017
222,24.78,API,True,RunKeeper,"Wed, 8 Nov 2017 07:47:15",197,7988.87,outdoor,Cycling,/fitnessActivities/1082887366,-3,Nov,11,2017
223,31.18,API,True,RunKeeper,"Tue, 7 Nov 2017 15:25:48",237,8262.58,outdoor,Cycling,/fitnessActivities/1082887364,-3,Nov,11,2017
224,24.45,API,True,RunKeeper,"Tue, 7 Nov 2017 07:36:39",189,7899.45,outdoor,Cycling,/fitnessActivities/1082277169,-3,Nov,11,2017
225,45.02,API,True,RunKeeper,"Fri, 3 Nov 2017 14:42:12",337,11231.24,outdoor,Cycling,/fitnessActivities/1082468954,-3,Nov,11,2017
226,33.88,API,True,RunKeeper,"Wed, 1 Nov 2017 13:55:11",249,8328.51,outdoor,Cycling,/fitnessActivities/1079403530,-3,Nov,11,2017
227,26.08,API,True,RunKeeper,"Wed, 1 Nov 2017 07:37:45",202,7985.35,outdoor,Cycling,/fitnessActivities/1079241893,-3,Nov,11,2017
228,32.58,API,True,RunKeeper,"Tue, 31 Oct 2017 15:16:15",251,8097.37,outdoor,Cycling,/fitnessActivities/1078932196,-3,Oct,10,2017
229,26.68,API,True,RunKeeper,"Tue, 31 Oct 2017 07:38:45",209,7944.21,outdoor,Cycling,/fitnessActivities/1078740264,-3,Oct,10,2017
230,53.22,API,True,RunKeeper,"Tue, 24 Oct 2017 13:20:49",315,7784.54,outdoor,Cycling,/fitnessActivities/1075535202,-3,Oct,10,2017
231,58.68,API,True,RunKeeper,"Tue, 24 Oct 2017 07:43:22",347,8401.19,outdoor,Cycling,/fitnessActivities/1075372345,-3,Oct,10,2017
232,43.37,API,True,RunKeeper,"Wed, 18 Oct 2017 15:05:42",308,8490.96,outdoor,Cycling,/fitnessActivities/1072617973,-3,Oct,10,2017
233,25.52,API,True,RunKeeper,"Wed, 18 Oct 2017 07:24:27",212,7947.39,outdoor,Cycling,/fitnessActivities/1072309930,-3,Oct,10,2017
234,61.63,API,True,RunKeeper,"Tue, 17 Oct 2017 12:54:20",671,14003.13,outdoor,Cycling,/fitnessActivities/1071995204,-3,Oct,10,2017
235,25.22,API,True,RunKeeper,"Tue, 17 Oct 2017 07:39:03",205,7919.97,outdoor,Cycling,/fitnessActivities/1071757192,-3,Oct,10,2017
236,30.25,API,True,RunKeeper,"Fri, 13 Oct 2017 13:54:51",240,8439.65,outdoor,Cycling,/fitnessActivities/1069747366,-3,Oct,10,2017
237,22.4,API,True,RunKeeper,"Fri, 13 Oct 2017 07:40:40",185,7934.01,outdoor,Cycling,/fitnessActivities/1069584613,-3,Oct,10,2017
238,35.27,API,True,RunKeeper,"Wed, 11 Oct 2017 15:40:23",261,7955.04,outdoor,Cycling,/fitnessActivities/1068806822,-3,Oct,10,2017
239,22.97,API,True,RunKeeper,"Wed, 11 Oct 2017 07:48:21",192,7916.46,outdoor,Cycling,/fitnessActivities/1068573679,-3,Oct,10,2017
240,27.9,API,True,RunKeeper,"Tue, 10 Oct 2017 13:55:20",214,7659.15,outdoor,Cycling,/fitnessActivities/1068253335,-3,Oct,10,2017
241,27.62,API,True,RunKeeper,"Tue, 10 Oct 2017 07:46:52",214,8024.84,outdoor,Cycling,/fitnessActivities/1068026445,-3,Oct,10,2017
242,35.15,API,True,RunKeeper,"Fri, 6 Oct 2017 14:28:20",231,7360.42,outdoor,Cycling,/fitnessActivities/1068026439,-3,Oct,10,2017
243,28.08,API,True,RunKeeper,"Fri, 6 Oct 2017 07:44:10",205,7983.14,outdoor,Cycling,/fitnessActivities/1065849625,-3,Oct,10,2017
244,44.23,API,True,RunKeeper,"Fri, 29 Sep 2017 14:24:30",400,7101.18,outdoor,Cycling,/fitnessActivities/1068026435,-3,Sep,9,2017
245,25.15,API,True,RunKeeper,"Fri, 29 Sep 2017 07:32:37",194,7880.18,outdoor,Cycling,/fitnessActivities/1068026429,-3,Sep,9,2017
246,32.47,API,True,RunKeeper,"Thu, 28 Sep 2017 16:05:26",231,8140.39,outdoor,Cycling,/fitnessActivities/1061507270,-3,Sep,9,2017
247,26.72,API,True,RunKeeper,"Thu, 28 Sep 2017 07:45:08",218,8115.68,outdoor,Cycling,/fitnessActivities/1061507264,-3,Sep,9,2017
248,33.32,API,True,RunKeeper,"Wed, 27 Sep 2017 14:04:36",246,8361.27,outdoor,Cycling,/fitnessActivities/1061045465,-3,Sep,9,2017
249,24.8,API,True,RunKeeper,"Wed, 27 Sep 2017 07:42:32",201,7965.09,outdoor,Cycling,/fitnessActivities/1060744762,-3,Sep,9,2017
250,34.57,API,True,RunKeeper,"Tue, 26 Sep 2017 14:29:34",286,8693.0,outdoor,Cycling,/fitnessActivities/1060396566,-3,Sep,9,2017
251,60.92,API,True,RunKeeper,"Tue, 26 Sep 2017 07:25:58",364,8150.62,outdoor,Cycling,/fitnessActivities/1060396556,-3,Sep,9,2017
252,28.32,API,True,RunKeeper,"Fri, 22 Sep 2017 14:31:00",208,7052.05,outdoor,Cycling,/fitnessActivities/1058162517,-3,Sep,9,2017
253,22.9,API,True,RunKeeper,"Fri, 22 Sep 2017 07:52:58",202,7903.37,outdoor,Cycling,/fitnessActivities/1057945018,-3,Sep,9,2017
254,36.28,API,True,RunKeeper,"Wed, 20 Sep 2017 14:18:57",285,10482.34,outdoor,Cycling,/fitnessActivities/1058162515,-3,Sep,9,2017
255,26.15,API,True,RunKeeper,"Wed, 20 Sep 2017 07:33:19",222,7924.01,outdoor,Cycling,/fitnessActivities/1056912214,-3,Sep,9,2017
256,29.22,API,True,RunKeeper,"Tue, 19 Sep 2017 14:13:59",226,8247.35,outdoor,Cycling,/fitnessActivities/1056545922,-3,Sep,9,2017
257,23.6,API,True,RunKeeper,"Tue, 19 Sep 2017 07:20:39",204,7937.07,outdoor,Cycling,/fitnessActivities/1056341632,-3,Sep,9,2017
258,27.82,API,True,RunKeeper,"Mon, 18 Sep 2017 06:27:10",457,5783.25,outdoor,Running,/fitnessActivities/1055782279,-3,Sep,9,2017
259,22.17,API,True,RunKeeper,"Sat, 16 Sep 2017 22:07:03",180,6671.66,outdoor,Cycling,/fitnessActivities/1055246600,-3,Sep,9,2017
260,24.92,API,True,RunKeeper,"Sat, 16 Sep 2017 13:14:29",228,8401.43,outdoor,Cycling,/fitnessActivities/1055246595,-3,Sep,9,2017
261,135.92,API,True,RunKeeper,"Fri, 15 Sep 2017 13:23:04",797,18150.76,outdoor,Cycling,/fitnessActivities/1055246585,-3,Sep,9,2017
262,26.22,API,True,RunKeeper,"Fri, 15 Sep 2017 07:37:58",209,7928.26,outdoor,Cycling,/fitnessActivities/1054200816,-3,Sep,9,2017
263,34.57,API,True,RunKeeper,"Thu, 14 Sep 2017 13:18:26",233,7952.29,outdoor,Cycling,/fitnessActivities/1053847558,-3,Sep,9,2017
264,25.9,API,True,RunKeeper,"Thu, 14 Sep 2017 07:46:14",198,7878.01,outdoor,Cycling,/fitnessActivities/1053687950,-3,Sep,9,2017
265,36.27,API,True,RunKeeper,"Wed, 13 Sep 2017 13:37:50",251,8162.06,outdoor,Cycling,/fitnessActivities/1053369769,-3,Sep,9,2017
266,24.38,API,True,RunKeeper,"Wed, 13 Sep 2017 07:39:10",191,7914.94,outdoor,Cycling,/fitnessActivities/1053161139,-3,Sep,9,2017
267,32.53,API,True,RunKeeper,"Tue, 12 Sep 2017 13:53:22",236,8220.29,outdoor,Cycling,/fitnessActivities/1052871719,-3,Sep,9,2017
268,24.67,API,True,RunKeeper,"Tue, 12 Sep 2017 07:40:10",206,8027.94,outdoor,Cycling,/fitnessActivities/1052597230,-3,Sep,9,2017
269,29.6,API,True,RunKeeper,"Mon, 11 Sep 2017 06:14:16",459,5760.32,outdoor,Running,/fitnessActivities/1052043627,-3,Sep,9,2017
270,121.9,API,True,RunKeeper,"Sun, 10 Sep 2017 08:16:57",401,6383.63,outdoor,Walking,/fitnessActivities/1051735588,-3,Sep,9,2017
271,33.02,API,True,RunKeeper,"Wed, 6 Sep 2017 13:58:49",236,8231.48,outdoor,Cycling,/fitnessActivities/1049565341,-3,Sep,9,2017
272,24.08,API,True,RunKeeper,"Wed, 6 Sep 2017 07:37:41",191,7921.16,outdoor,Cycling,/fitnessActivities/1049388994,-3,Sep,9,2017
273,32.23,API,True,RunKeeper,"Tue, 5 Sep 2017 14:14:24",239,8246.57,outdoor,Cycling,/fitnessActivities/1049085927,-3,Sep,9,2017
274,22.88,API,True,RunKeeper,"Tue, 5 Sep 2017 07:43:24",184,7994.61,outdoor,Cycling,/fitnessActivities/1048829918,-3,Sep,9,2017
275,34.23,API,True,RunKeeper,"Fri, 1 Sep 2017 14:31:13",237,7100.78,outdoor,Cycling,/fitnessActivities/1046855057,-3,Sep,9,2017
276,27.03,API,True,RunKeeper,"Fri, 1 Sep 2017 07:29:17",203,7946.54,outdoor,Cycling,/fitnessActivities/1046611985,-3,Sep,9,2017
277,31.23,API,True,RunKeeper,"Thu, 31 Aug 2017 13:50:41",230,8213.18,outdoor,Cycling,/fitnessActivities/1046296571,-3,Aug,8,2017
278,24.43,API,True,RunKeeper,"Thu, 31 Aug 2017 07:37:45",189,7743.0,outdoor,Cycling,/fitnessActivities/1046117708,-3,Aug,8,2017
279,25.27,API,True,RunKeeper,"Tue, 29 Aug 2017 13:45:54",192,7152.97,outdoor,Cycling,/fitnessActivities/1046296564,-3,Aug,8,2017
280,28.27,API,True,RunKeeper,"Tue, 29 Aug 2017 07:25:08",209,7942.68,outdoor,Cycling,/fitnessActivities/1044983699,-3,Aug,8,2017
281,90.73,API,True,RunKeeper,"Mon, 28 Aug 2017 11:17:17",516,6860.29,outdoor,Cycling,/fitnessActivities/1044520452,-3,Aug,8,2017
282,27.43,API,True,RunKeeper,"Fri, 25 Aug 2017 14:09:39",197,7117.61,outdoor,Cycling,/fitnessActivities/1044520443,-3,Aug,8,2017
283,22.82,API,True,RunKeeper,"Fri, 25 Aug 2017 07:33:33",195,7989.06,outdoor,Cycling,/fitnessActivities/1042701391,-3,Aug,8,2017
284,31.87,API,True,RunKeeper,"Thu, 24 Aug 2017 14:08:46",232,8224.23,outdoor,Cycling,/fitnessActivities/1042332861,-3,Aug,8,2017
285,24.72,API,True,RunKeeper,"Thu, 24 Aug 2017 07:36:56",194,7954.33,outdoor,Cycling,/fitnessActivities/1042127475,-3,Aug,8,2017
286,27.3,API,True,RunKeeper,"Wed, 23 Aug 2017 13:54:08",196,7126.93,outdoor,Cycling,/fitnessActivities/1041795794,-3,Aug,8,2017
287,21.8,API,True,RunKeeper,"Wed, 23 Aug 2017 07:48:11",198,7891.27,outdoor,Cycling,/fitnessActivities/1041520088,-3,Aug,8,2017
288,35.32,API,True,RunKeeper,"Tue, 22 Aug 2017 13:57:54",248,8278.79,outdoor,Cycling,/fitnessActivities/1041098810,-3,Aug,8,2017
289,24.08,API,True,RunKeeper,"Tue, 22 Aug 2017 07:42:44",185,7848.57,outdoor,Cycling,/fitnessActivities/1040883010,-3,Aug,8,2017
290,46.85,API,True,RunKeeper,"Thu, 17 Aug 2017 13:59:45",265,7542.95,outdoor,Cycling,/fitnessActivities/1040883004,-3,Aug,8,2017
291,25.38,API,True,RunKeeper,"Thu, 17 Aug 2017 07:39:37",196,7902.2,outdoor,Cycling,/fitnessActivities/1037973642,-3,Aug,8,2017
292,30.1,API,True,RunKeeper,"Wed, 16 Aug 2017 13:59:11",204,7286.39,outdoor,Cycling,/fitnessActivities/1037634960,-3,Aug,8,2017
293,27.38,API,True,RunKeeper,"Wed, 16 Aug 2017 07:35:52",224,8153.84,outdoor,Cycling,/fitnessActivities/1037346105,-3,Aug,8,2017
294,32.07,API,True,RunKeeper,"Tue, 15 Aug 2017 14:03:50",232,8081.72,outdoor,Cycling,/fitnessActivities/1036914458,-3,Aug,8,2017
295,26.4,API,True,RunKeeper,"Tue, 15 Aug 2017 07:46:56",529,8487.94,outdoor,Walking,/fitnessActivities/1036914450,-3,Aug,8,2017
296,48.37,API,True,RunKeeper,"Sun, 13 Aug 2017 07:05:48",154,2325.85,outdoor,Walking,/fitnessActivities/1035617133,-3,Aug,8,2017
297,69.88,API,True,RunKeeper,"Thu, 10 Aug 2017 14:03:45",561,20301.56,outdoor,Cycling,/fitnessActivities/1034077807,-3,Aug,8,2017
298,22.9,API,True,RunKeeper,"Thu, 10 Aug 2017 07:32:40",197,8014.22,outdoor,Cycling,/fitnessActivities/1033844660,-3,Aug,8,2017
299,31.6,API,True,RunKeeper,"Tue, 8 Aug 2017 14:12:07",202,7164.99,outdoor,Cycling,/fitnessActivities/1032826296,-3,Aug,8,2017
300,25.28,API,True,RunKeeper,"Tue, 8 Aug 2017 07:30:24",209,7925.48,outdoor,Cycling,/fitnessActivities/1032588780,-3,Aug,8,2017
301,199.33,API,True,RunKeeper,"Sat, 5 Aug 2017 08:49:17",1541,57226.15,outdoor,Cycling,/fitnessActivities/1031128223,-3,Aug,8,2017
302,30.07,API,True,RunKeeper,"Fri, 4 Aug 2017 12:54:54",223,7965.25,outdoor,Cycling,/fitnessActivities/1031128218,-3,Aug,8,2017
303,22.32,API,True,RunKeeper,"Fri, 4 Aug 2017 07:23:03",190,7904.25,outdoor,Cycling,/fitnessActivities/1030280431,-3,Aug,8,2017
304,27.9,API,True,RunKeeper,"Thu, 3 Aug 2017 14:09:08",210,7629.62,outdoor,Cycling,/fitnessActivities/1029930455,-3,Aug,8,2017
305,28.22,API,True,RunKeeper,"Thu, 3 Aug 2017 07:08:14",190,7994.05,outdoor,Cycling,/fitnessActivities/1029778961,-3,Aug,8,2017
306,32.32,API,True,RunKeeper,"Sat, 29 Jul 2017 11:54:42",226,7922.92,outdoor,Cycling,/fitnessActivities/1026863594,-3,Jul,7,2017
307,35.87,API,True,RunKeeper,"Sat, 29 Jul 2017 10:50:35",269,9838.77,outdoor,Cycling,/fitnessActivities/1026819944,-3,Jul,7,2017
308,20.95,API,True,RunKeeper,"Fri, 28 Jul 2017 12:02:59",156,5803.37,outdoor,Cycling,/fitnessActivities/1026819932,-3,Jul,7,2017
309,39.77,API,True,RunKeeper,"Fri, 28 Jul 2017 11:06:04",210,6490.58,outdoor,Cycling,/fitnessActivities/1026819908,-3,Jul,7,2017
310,17.95,API,True,RunKeeper,"Wed, 19 Jul 2017 14:01:23",162,6290.56,outdoor,Cycling,/fitnessActivities/1021203036,-3,Jul,7,2017
311,19.68,API,True,RunKeeper,"Wed, 19 Jul 2017 08:01:48",145,6124.24,outdoor,Cycling,/fitnessActivities/1021002525,-3,Jul,7,2017
312,31.23,API,True,RunKeeper,"Tue, 18 Jul 2017 13:37:23",355,6536.45,outdoor,Cycling,/fitnessActivities/1020580118,-3,Jul,7,2017
313,18.32,API,True,RunKeeper,"Tue, 18 Jul 2017 07:59:03",153,6118.28,outdoor,Cycling,/fitnessActivities/1020347025,-3,Jul,7,2017
314,18.83,API,True,RunKeeper,"Fri, 14 Jul 2017 14:25:11",167,6480.68,outdoor,Cycling,/fitnessActivities/1018145883,-3,Jul,7,2017
315,20.6,API,True,RunKeeper,"Fri, 14 Jul 2017 07:58:05",146,6084.11,outdoor,Cycling,/fitnessActivities/1017938379,-3,Jul,7,2017
316,17.25,API,True,RunKeeper,"Thu, 13 Jul 2017 13:05:08",165,5802.84,outdoor,Cycling,/fitnessActivities/1017507282,-3,Jul,7,2017
317,19.58,API,True,RunKeeper,"Thu, 13 Jul 2017 08:01:33",136,6097.11,outdoor,Cycling,/fitnessActivities/1017358634,-3,Jul,7,2017
318,18.55,API,True,RunKeeper,"Wed, 12 Jul 2017 12:51:02",161,6009.38,outdoor,Cycling,/fitnessActivities/1017358623,-3,Jul,7,2017
319,21.7,API,True,RunKeeper,"Wed, 12 Jul 2017 08:07:47",150,6171.38,outdoor,Cycling,/fitnessActivities/1016754811,-3,Jul,7,2017
320,19.18,API,True,RunKeeper,"Tue, 11 Jul 2017 12:55:38",143,5388.39,outdoor,Cycling,/fitnessActivities/1016299456,-3,Jul,7,2017
321,21.78,API,True,RunKeeper,"Tue, 11 Jul 2017 07:59:40",149,6087.75,outdoor,Cycling,/fitnessActivities/1016149347,-3,Jul,7,2017
322,18.68,API,True,RunKeeper,"Mon, 10 Jul 2017 14:25:06",159,5810.02,outdoor,Cycling,/fitnessActivities/1015712266,-3,Jul,7,2017
323,19.4,API,True,RunKeeper,"Mon, 10 Jul 2017 08:04:15",141,6077.86,outdoor,Cycling,/fitnessActivities/1015496174,-3,Jul,7,2017
324,16.83,API,True,RunKeeper,"Fri, 7 Jul 2017 12:38:55",145,5456.84,outdoor,Cycling,/fitnessActivities/1014000310,-3,Jul,7,2017
325,20.02,API,True,RunKeeper,"Fri, 7 Jul 2017 07:39:12",143,6054.79,outdoor,Cycling,/fitnessActivities/1013856139,-3,Jul,7,2017
326,22.85,API,True,RunKeeper,"Wed, 5 Jul 2017 13:27:08",196,6427.15,outdoor,Cycling,/fitnessActivities/1012882639,-3,Jul,7,2017
327,19.78,API,True,RunKeeper,"Wed, 5 Jul 2017 07:45:07",141,6122.23,outdoor,Cycling,/fitnessActivities/1012716502,-3,Jul,7,2017
328,17.47,API,True,RunKeeper,"Tue, 4 Jul 2017 14:02:02",175,6503.58,outdoor,Cycling,/fitnessActivities/1012324489,-3,Jul,7,2017
329,19.37,API,True,RunKeeper,"Tue, 4 Jul 2017 07:50:51",147,6102.95,outdoor,Cycling,/fitnessActivities/1012080831,-3,Jul,7,2017
330,22.02,API,True,RunKeeper,"Mon, 3 Jul 2017 13:11:37",168,5718.37,outdoor,Cycling,/fitnessActivities/1011676031,-3,Jul,7,2017
331,21.7,API,True,RunKeeper,"Mon, 3 Jul 2017 08:04:30",152,6169.95,outdoor,Cycling,/fitnessActivities/1011489369,-3,Jul,7,2017
332,20.2,API,True,RunKeeper,"Thu, 29 Jun 2017 12:16:39",157,5747.18,outdoor,Cycling,/fitnessActivities/1009465641,-3,Jun,6,2017
333,24.32,API,True,RunKeeper,"Thu, 29 Jun 2017 07:49:44",152,6117.67,outdoor,Cycling,/fitnessActivities/1009337116,-3,Jun,6,2017
334,15.93,API,True,RunKeeper,"Wed, 28 Jun 2017 12:34:09",141,5336.49,outdoor,Cycling,/fitnessActivities/1008896055,-3,Jun,6,2017
335,20.48,API,True,RunKeeper,"Wed, 28 Jun 2017 07:44:18",147,6164.69,outdoor,Cycling,/fitnessActivities/1008780193,-3,Jun,6,2017
336,17.18,API,True,RunKeeper,"Tue, 27 Jun 2017 12:59:55",148,5474.33,outdoor,Cycling,/fitnessActivities/1008309481,-3,Jun,6,2017
337,33.33,API,True,RunKeeper,"Tue, 27 Jun 2017 07:37:17",206,6201.68,outdoor,Cycling,/fitnessActivities/1008152735,-3,Jun,6,2017
338,19.6,API,True,RunKeeper,"Mon, 26 Jun 2017 12:10:54",154,5688.19,outdoor,Cycling,/fitnessActivities/1007818698,-3,Jun,6,2017
339,21.98,API,True,RunKeeper,"Mon, 26 Jun 2017 07:41:03",145,6112.77,outdoor,Cycling,/fitnessActivities/1007493795,-3,Jun,6,2017
340,17.28,API,True,RunKeeper,"Fri, 23 Jun 2017 12:40:11",148,5345.75,outdoor,Cycling,/fitnessActivities/1005956310,-3,Jun,6,2017
341,19.0,API,True,RunKeeper,"Fri, 23 Jun 2017 07:50:54",143,6081.16,outdoor,Cycling,/fitnessActivities/1005843765,-3,Jun,6,2017
342,21.42,API,True,RunKeeper,"Thu, 22 Jun 2017 12:41:16",184,6589.62,outdoor,Cycling,/fitnessActivities/1005535586,-3,Jun,6,2017
343,20.58,API,True,RunKeeper,"Thu, 22 Jun 2017 07:37:35",147,6162.94,outdoor,Cycling,/fitnessActivities/1005303953,-3,Jun,6,2017
344,19.3,API,True,RunKeeper,"Tue, 20 Jun 2017 12:35:21",156,5382.67,outdoor,Cycling,/fitnessActivities/1004255363,-3,Jun,6,2017
345,19.88,API,True,RunKeeper,"Tue, 20 Jun 2017 07:30:08",144,6086.99,outdoor,Cycling,/fitnessActivities/1004088987,-3,Jun,6,2017
346,17.02,API,True,RunKeeper,"Mon, 19 Jun 2017 12:36:20",141,5389.12,outdoor,Cycling,/fitnessActivities/1003621881,-3,Jun,6,2017
347,23.08,API,True,RunKeeper,"Mon, 19 Jun 2017 07:43:02",156,6143.74,outdoor,Cycling,/fitnessActivities/1003493993,-3,Jun,6,2017
348,50.43,API,True,RunKeeper,"Sat, 17 Jun 2017 14:47:50",310,8859.43,outdoor,Cycling,/fitnessActivities/1002663916,-3,Jun,6,2017
349,18.17,API,True,RunKeeper,"Wed, 14 Jun 2017 13:26:09",153,5753.6,outdoor,Cycling,/fitnessActivities/1000879327,-3,Jun,6,2017
350,18.82,API,True,RunKeeper,"Wed, 14 Jun 2017 07:53:31",144,6045.11,outdoor,Cycling,/fitnessActivities/1000713723,-3,Jun,6,2017
351,23.17,API,True,RunKeeper,"Tue, 13 Jun 2017 12:48:45",189,6607.6,outdoor,Cycling,/fitnessActivities/1000444019,-3,Jun,6,2017
352,19.3,API,True,RunKeeper,"Tue, 13 Jun 2017 07:42:39",150,6090.69,outdoor,Cycling,/fitnessActivities/1000067931,-3,Jun,6,2017
353,16.75,API,True,RunKeeper,"Mon, 12 Jun 2017 12:12:13",166,5779.66,outdoor,Cycling,/fitnessActivities/999721058,-3,Jun,6,2017
354,18.48,API,True,RunKeeper,"Mon, 12 Jun 2017 07:29:08",145,6114.83,outdoor,Cycling,/fitnessActivities/999458777,-3,Jun,6,2017
355,15.23,API,True,RunKeeper,"Fri, 9 Jun 2017 13:47:21",164,5766.43,outdoor,Cycling,/fitnessActivities/997878707,-3,Jun,6,2017
356,18.82,API,True,RunKeeper,"Fri, 9 Jun 2017 07:58:28",144,6105.27,outdoor,Cycling,/fitnessActivities/997716950,-3,Jun,6,2017
357,17.03,API,True,RunKeeper,"Thu, 8 Jun 2017 13:01:53",163,5783.29,outdoor,Cycling,/fitnessActivities/997294049,-3,Jun,6,2017
358,19.7,API,True,RunKeeper,"Thu, 8 Jun 2017 07:51:49",145,6181.86,outdoor,Cycling,/fitnessActivities/997151351,-3,Jun,6,2017
359,17.13,API,True,RunKeeper,"Wed, 7 Jun 2017 12:16:18",154,5759.41,outdoor,Cycling,/fitnessActivities/996701562,-3,Jun,6,2017
360,18.77,API,True,RunKeeper,"Wed, 7 Jun 2017 07:55:39",141,6096.46,outdoor,Cycling,/fitnessActivities/996573146,-3,Jun,6,2017
361,16.4,API,True,RunKeeper,"Tue, 6 Jun 2017 12:47:04",157,5978.89,outdoor,Cycling,/fitnessActivities/996225220,-3,Jun,6,2017
362,18.5,API,True,RunKeeper,"Tue, 6 Jun 2017 07:30:32",142,6111.35,outdoor,Cycling,/fitnessActivities/995999970,-3,Jun,6,2017
363,15.82,API,True,RunKeeper,"Mon, 5 Jun 2017 12:20:58",157,5711.36,outdoor,Cycling,/fitnessActivities/995698428,-3,Jun,6,2017
364,19.32,API,True,RunKeeper,"Mon, 5 Jun 2017 07:28:30",143,6073.79,outdoor,Cycling,/fitnessActivities/995399416,-3,Jun,6,2017
365,35.62,API,True,RunKeeper,"Fri, 2 Jun 2017 13:43:00",351,10489.03,outdoor,Cycling,/fitnessActivities/993855342,-3,Jun,6,2017
366,18.3,API,True,RunKeeper,"Fri, 2 Jun 2017 07:43:33",143,6063.58,outdoor,Cycling,/fitnessActivities/993644394,-3,Jun,6,2017
367,17.7,API,True,RunKeeper,"Thu, 1 Jun 2017 13:05:46",145,5378.71,outdoor,Cycling,/fitnessActivities/993644390,-3,Jun,6,2017
368,18.75,API,True,RunKeeper,"Thu, 1 Jun 2017 07:43:24",142,6095.87,outdoor,Cycling,/fitnessActivities/993050883,-3,Jun,6,2017
369,17.18,API,True,RunKeeper,"Wed, 31 May 2017 13:05:39",144,5392.26,outdoor,Cycling,/fitnessActivities/992607843,-3,May,5,2017
370,17.6,API,True,RunKeeper,"Wed, 31 May 2017 07:46:06",139,6063.07,outdoor,Cycling,/fitnessActivities/992431836,-3,May,5,2017
371,17.82,API,True,RunKeeper,"Tue, 30 May 2017 12:53:08",152,5400.77,outdoor,Cycling,/fitnessActivities/991962764,-3,May,5,2017
372,20.18,API,True,RunKeeper,"Tue, 30 May 2017 07:39:01",141,6109.73,outdoor,Cycling,/fitnessActivities/991820391,-3,May,5,2017
373,17.9,API,True,RunKeeper,"Mon, 29 May 2017 12:20:50",157,5775.48,outdoor,Cycling,/fitnessActivities/991365627,-3,May,5,2017
374,18.85,API,True,RunKeeper,"Mon, 29 May 2017 07:26:13",138,6099.27,outdoor,Cycling,/fitnessActivities/991169558,-3,May,5,2017
375,9.85,API,True,RunKeeper,"Sat, 27 May 2017 19:08:21",67,1985.6,outdoor,Cycling,/fitnessActivities/990327649,-3,May,5,2017
376,16.22,API,True,RunKeeper,"Fri, 26 May 2017 13:17:12",143,5410.65,outdoor,Cycling,/fitnessActivities/989611023,-3,May,5,2017
377,21.98,API,True,RunKeeper,"Fri, 26 May 2017 07:51:10",152,6065.57,outdoor,Cycling,/fitnessActivities/989441355,-3,May,5,2017
378,20.87,API,True,RunKeeper,"Thu, 25 May 2017 12:27:02",153,5704.27,outdoor,Cycling,/fitnessActivities/989057824,-3,May,5,2017
379,21.15,API,True,RunKeeper,"Thu, 25 May 2017 07:45:48",152,6113.03,outdoor,Cycling,/fitnessActivities/988912391,-3,May,5,2017
380,16.65,API,True,RunKeeper,"Wed, 24 May 2017 13:28:54",154,5434.65,outdoor,Cycling,/fitnessActivities/988482373,-3,May,5,2017
381,18.23,API,True,RunKeeper,"Wed, 24 May 2017 07:46:28",142,6097.58,outdoor,Cycling,/fitnessActivities/988314136,-3,May,5,2017
382,15.93,API,True,RunKeeper,"Tue, 23 May 2017 13:04:33",141,5445.85,outdoor,Cycling,/fitnessActivities/987853465,-3,May,5,2017
383,18.8,API,True,RunKeeper,"Tue, 23 May 2017 07:52:58",139,6107.05,outdoor,Cycling,/fitnessActivities/987694354,-3,May,5,2017
384,18.52,API,True,RunKeeper,"Mon, 22 May 2017 12:11:33",158,5787.56,outdoor,Cycling,/fitnessActivities/987202459,-3,May,5,2017
385,20.53,API,True,RunKeeper,"Mon, 22 May 2017 07:45:33",152,6170.41,outdoor,Cycling,/fitnessActivities/987043645,-3,May,5,2017
386,130.8,API,True,RunKeeper,"Sun, 21 May 2017 09:03:56",1065,40466.7,outdoor,Cycling,/fitnessActivities/986599297,-3,May,5,2017
387,18.58,API,True,RunKeeper,"Fri, 19 May 2017 12:40:16",163,5751.75,outdoor,Cycling,/fitnessActivities/985427280,-3,May,5,2017
388,18.22,API,True,RunKeeper,"Fri, 19 May 2017 07:42:15",135,6120.64,outdoor,Cycling,/fitnessActivities/985287008,-3,May,5,2017
389,18.37,API,True,RunKeeper,"Thu, 18 May 2017 13:27:24",168,5833.48,outdoor,Cycling,/fitnessActivities/984890548,-3,May,5,2017
390,21.05,API,True,RunKeeper,"Thu, 18 May 2017 07:30:12",152,6102.22,outdoor,Cycling,/fitnessActivities/984721244,-3,May,5,2017
391,16.83,API,True,RunKeeper,"Wed, 17 May 2017 13:31:55",164,5816.77,outdoor,Cycling,/fitnessActivities/984721232,-3,May,5,2017
392,18.23,API,True,RunKeeper,"Wed, 17 May 2017 07:20:05",143,6158.05,outdoor,Cycling,/fitnessActivities/984092295,-3,May,5,2017
393,16.65,API,True,RunKeeper,"Tue, 16 May 2017 13:56:29",145,5399.93,outdoor,Cycling,/fitnessActivities/983704882,-3,May,5,2017
394,28.87,API,True,RunKeeper,"Tue, 16 May 2017 08:47:10",197,5560.46,outdoor,Cycling,/fitnessActivities/983486533,-3,May,5,2017
395,19.08,API,True,RunKeeper,"Mon, 15 May 2017 12:12:42",164,5799.04,outdoor,Cycling,/fitnessActivities/982953586,-3,May,5,2017
396,19.28,API,True,RunKeeper,"Mon, 15 May 2017 07:40:40",147,6146.1,outdoor,Cycling,/fitnessActivities/982791179,-3,May,5,2017
397,16.62,API,True,RunKeeper,"Fri, 12 May 2017 13:15:44",159,5844.74,outdoor,Cycling,/fitnessActivities/981236810,-3,May,5,2017
398,19.68,API,True,RunKeeper,"Fri, 12 May 2017 07:33:09",145,6080.95,outdoor,Cycling,/fitnessActivities/981074411,-3,May,5,2017
399,18.02,API,True,RunKeeper,"Thu, 11 May 2017 12:17:38",163,5729.96,outdoor,Cycling,/fitnessActivities/980742720,-3,May,5,2017
400,18.43,API,True,RunKeeper,"Thu, 11 May 2017 07:34:52",143,6008.51,outdoor,Cycling,/fitnessActivities/980533500,-3,May,5,2017
401,39.48,API,True,RunKeeper,"Tue, 9 May 2017 13:37:33",203,5970.06,outdoor,Cycling,/fitnessActivities/979587799,-3,May,5,2017
402,33.95,API,True,RunKeeper,"Tue, 9 May 2017 07:18:08",193,6190.02,outdoor,Cycling,/fitnessActivities/979308286,-3,May,5,2017
403,18.15,API,True,RunKeeper,"Thu, 4 May 2017 12:13:05",152,5761.69,outdoor,Cycling,/fitnessActivities/976665485,-3,May,5,2017
404,20.92,API,True,RunKeeper,"Thu, 4 May 2017 07:29:09",152,6188.7,outdoor,Cycling,/fitnessActivities/976345577,-3,May,5,2017
405,18.73,API,True,RunKeeper,"Wed, 3 May 2017 12:20:03",170,5784.51,outdoor,Cycling,/fitnessActivities/975907857,-3,May,5,2017
406,22.28,API,True,RunKeeper,"Wed, 3 May 2017 07:21:28",154,6224.31,outdoor,Cycling,/fitnessActivities/975702948,-3,May,5,2017
407,20.45,API,True,RunKeeper,"Tue, 2 May 2017 12:23:54",169,5784.77,outdoor,Cycling,/fitnessActivities/975260773,-3,May,5,2017
408,20.7,API,True,RunKeeper,"Tue, 2 May 2017 07:22:43",153,6201.46,outdoor,Cycling,/fitnessActivities/975049820,-3,May,5,2017
409,18.32,API,True,RunKeeper,"Thu, 27 Apr 2017 12:11:11",169,5810.12,outdoor,Cycling,/fitnessActivities/972323598,-3,Apr,4,2017
410,21.6,API,True,RunKeeper,"Thu, 27 Apr 2017 07:35:35",162,6204.89,outdoor,Cycling,/fitnessActivities/972211895,-3,Apr,4,2017
411,18.67,API,True,RunKeeper,"Wed, 26 Apr 2017 12:14:36",158,5790.87,outdoor,Cycling,/fitnessActivities/971839244,-3,Apr,4,2017
412,20.95,API,True,RunKeeper,"Wed, 26 Apr 2017 07:47:45",148,6095.75,outdoor,Cycling,/fitnessActivities/971664256,-3,Apr,4,2017
413,17.47,API,True,RunKeeper,"Tue, 25 Apr 2017 12:44:52",153,5414.19,outdoor,Cycling,/fitnessActivities/971256877,-3,Apr,4,2017
414,20.73,API,True,RunKeeper,"Tue, 25 Apr 2017 07:25:36",155,6142.63,outdoor,Cycling,/fitnessActivities/971118141,-3,Apr,4,2017
415,17.05,API,True,RunKeeper,"Mon, 24 Apr 2017 12:44:38",159,5796.21,outdoor,Cycling,/fitnessActivities/970745621,-3,Apr,4,2017
416,28.78,API,True,RunKeeper,"Mon, 24 Apr 2017 08:14:05",196,6253.0,outdoor,Cycling,/fitnessActivities/970558430,-3,Apr,4,2017
417,15.33,API,True,RunKeeper,"Thu, 20 Apr 2017 12:44:07",154,5488.6,outdoor,Cycling,/fitnessActivities/968373359,-3,Apr,4,2017
418,20.32,API,True,RunKeeper,"Thu, 20 Apr 2017 07:28:23",141,6098.46,outdoor,Cycling,/fitnessActivities/968240153,-3,Apr,4,2017
419,19.33,API,True,RunKeeper,"Wed, 19 Apr 2017 12:21:31",155,5768.53,outdoor,Cycling,/fitnessActivities/967920264,-3,Apr,4,2017
420,18.43,API,True,RunKeeper,"Wed, 19 Apr 2017 07:49:14",145,6094.88,outdoor,Cycling,/fitnessActivities/967686440,-3,Apr,4,2017
421,19.1,API,True,RunKeeper,"Tue, 18 Apr 2017 12:21:35",156,5776.06,outdoor,Cycling,/fitnessActivities/967225275,-3,Apr,4,2017
422,22.77,API,True,RunKeeper,"Tue, 18 Apr 2017 07:28:04",152,6132.8,outdoor,Cycling,/fitnessActivities/967029131,-3,Apr,4,2017
423,18.15,API,True,RunKeeper,"Mon, 17 Apr 2017 12:30:57",166,5803.54,outdoor,Cycling,/fitnessActivities/966689592,-3,Apr,4,2017
424,20.67,API,True,RunKeeper,"Mon, 17 Apr 2017 07:15:50",152,6144.41,outdoor,Cycling,/fitnessActivities/966444941,-3,Apr,4,2017
425,23.7,API,True,RunKeeper,"Thu, 13 Apr 2017 13:45:08",186,6263.6,outdoor,Cycling,/fitnessActivities/964335495,-3,Apr,4,2017
426,18.98,API,True,RunKeeper,"Thu, 13 Apr 2017 07:51:42",139,6111.29,outdoor,Cycling,/fitnessActivities/964156871,-3,Apr,4,2017
427,66.93,API,True,RunKeeper,"Wed, 12 Apr 2017 12:17:37",380,9557.77,outdoor,Cycling,/fitnessActivities/963760886,-3,Apr,4,2017
428,33.85,API,True,RunKeeper,"Wed, 12 Apr 2017 07:39:17",188,5487.14,outdoor,Cycling,/fitnessActivities/963616414,-3,Apr,4,2017
429,19.55,API,True,RunKeeper,"Tue, 11 Apr 2017 12:51:58",170,6285.19,outdoor,Cycling,/fitnessActivities/963195152,-3,Apr,4,2017
430,46.6,API,True,RunKeeper,"Tue, 11 Apr 2017 07:38:17",204,5220.67,outdoor,Cycling,/fitnessActivities/963021872,-3,Apr,4,2017
431,35.63,API,True,RunKeeper,"Mon, 10 Apr 2017 07:25:19",220,9533.34,outdoor,Cycling,/fitnessActivities/962406121,-3,Apr,4,2017
432,151.55,API,True,RunKeeper,"Fri, 7 Apr 2017 13:45:13",842,14777.72,outdoor,Cycling,/fitnessActivities/960873625,-3,Apr,4,2017
433,20.4,API,True,RunKeeper,"Fri, 7 Apr 2017 13:01:57",141,5369.04,outdoor,Cycling,/fitnessActivities/960800080,-3,Apr,4,2017
434,28.62,API,True,RunKeeper,"Fri, 7 Apr 2017 07:28:52",177,6268.99,outdoor,Cycling,/fitnessActivities/960676322,-3,Apr,4,2017
435,17.7,API,True,RunKeeper,"Thu, 6 Apr 2017 13:05:23",140,5383.61,outdoor,Cycling,/fitnessActivities/960424958,-3,Apr,4,2017
436,20.42,API,True,RunKeeper,"Thu, 6 Apr 2017 07:32:34",141,6102.49,outdoor,Cycling,/fitnessActivities/960173864,-3,Apr,4,2017
437,18.23,API,True,RunKeeper,"Wed, 5 Apr 2017 12:49:08",137,5402.77,outdoor,Cycling,/fitnessActivities/959785466,-3,Apr,4,2017
438,21.63,API,True,RunKeeper,"Wed, 5 Apr 2017 07:16:02",145,6130.09,outdoor,Cycling,/fitnessActivities/959599038,-3,Apr,4,2017
439,18.97,API,True,RunKeeper,"Tue, 4 Apr 2017 12:13:26",145,5659.58,outdoor,Cycling,/fitnessActivities/959191539,-3,Apr,4,2017
440,20.32,API,True,RunKeeper,"Tue, 4 Apr 2017 07:19:24",137,6073.75,outdoor,Cycling,/fitnessActivities/958993092,-3,Apr,4,2017
441,42.4,API,True,RunKeeper,"Mon, 3 Apr 2017 14:18:55",185,4311.71,outdoor,Cycling,/fitnessActivities/958666225,-3,Apr,4,2017
442,19.62,API,True,RunKeeper,"Mon, 3 Apr 2017 12:24:43",155,5814.82,outdoor,Cycling,/fitnessActivities/958568955,-3,Apr,4,2017
443,20.52,API,True,RunKeeper,"Mon, 3 Apr 2017 07:14:20",150,6133.13,outdoor,Cycling,/fitnessActivities/958434365,-3,Apr,4,2017
444,18.5,API,True,RunKeeper,"Fri, 31 Mar 2017 13:44:54",146,5452.87,outdoor,Cycling,/fitnessActivities/956832278,-3,Mar,3,2017
445,21.53,API,True,RunKeeper,"Fri, 31 Mar 2017 07:26:36",147,6143.57,outdoor,Cycling,/fitnessActivities/956686607,-3,Mar,3,2017
446,18.37,API,True,RunKeeper,"Wed, 29 Mar 2017 12:48:42",149,5411.02,outdoor,Cycling,/fitnessActivities/955927398,-3,Mar,3,2017
447,20.83,API,True,RunKeeper,"Wed, 29 Mar 2017 07:26:42",149,6166.21,outdoor,Cycling,/fitnessActivities/955625417,-3,Mar,3,2017
448,19.75,API,True,RunKeeper,"Tue, 28 Mar 2017 12:16:16",151,5843.45,outdoor,Cycling,/fitnessActivities/955163006,-3,Mar,3,2017
449,19.68,API,True,RunKeeper,"Tue, 28 Mar 2017 07:21:22",143,6147.92,outdoor,Cycling,/fitnessActivities/955056613,-3,Mar,3,2017
450,20.25,API,True,RunKeeper,"Mon, 27 Mar 2017 12:13:40",172,5776.37,outdoor,Cycling,/fitnessActivities/954779927,-3,Mar,3,2017
451,19.42,API,True,RunKeeper,"Mon, 27 Mar 2017 07:23:44",397,6215.32,outdoor,Running,/fitnessActivities/954403419,-3,Mar,3,2017
452,19.5,API,True,RunKeeper,"Sat, 25 Mar 2017 11:53:10",81,1256.56,outdoor,Running,/fitnessActivities/953431739,-3,Mar,3,2017
453,32.32,API,True,RunKeeper,"Fri, 24 Mar 2017 09:06:11",689,2473.82,outdoor,Cycling,/fitnessActivities/952818602,-3,Mar,3,2017
454,19.68,API,True,RunKeeper,"Thu, 23 Mar 2017 12:21:22",164,5949.38,outdoor,Cycling,/fitnessActivities/952356241,-3,Mar,3,2017
455,22.07,API,True,RunKeeper,"Thu, 23 Mar 2017 07:17:11",150,6092.7,outdoor,Cycling,/fitnessActivities/952221797,-3,Mar,3,2017
456,18.92,API,True,RunKeeper,"Wed, 22 Mar 2017 12:16:25",159,5809.75,outdoor,Cycling,/fitnessActivities/951835521,-3,Mar,3,2017
457,22.18,API,True,RunKeeper,"Wed, 22 Mar 2017 07:27:36",165,6173.14,outdoor,Cycling,/fitnessActivities/951705339,-3,Mar,3,2017
458,16.88,API,True,RunKeeper,"Tue, 21 Mar 2017 13:14:27",137,5241.6,outdoor,Cycling,/fitnessActivities/951302785,-3,Mar,3,2017
459,20.92,API,True,RunKeeper,"Tue, 21 Mar 2017 07:29:01",158,6100.95,outdoor,Cycling,/fitnessActivities/951142045,-3,Mar,3,2017
460,20.52,API,True,RunKeeper,"Mon, 20 Mar 2017 12:29:09",167,5752.57,outdoor,Cycling,/fitnessActivities/950739888,-3,Mar,3,2017
461,22.8,API,True,RunKeeper,"Mon, 20 Mar 2017 07:27:58",143,6241.93,outdoor,Cycling,/fitnessActivities/950614247,-3,Mar,3,2017
462,64.97,API,True,RunKeeper,"Sat, 18 Mar 2017 11:56:07",252,1607.37,outdoor,Cycling,/fitnessActivities/949667031,-3,Mar,3,2017
463,30.23,API,True,RunKeeper,"Fri, 17 Mar 2017 13:24:18",280,6833.63,outdoor,Cycling,/fitnessActivities/949194303,-3,Mar,3,2017
464,21.43,API,True,RunKeeper,"Fri, 17 Mar 2017 07:17:38",138,6134.59,outdoor,Cycling,/fitnessActivities/949044196,-3,Mar,3,2017
465,10.23,API,True,RunKeeper,"Thu, 16 Mar 2017 16:58:34",57,1925.61,outdoor,Cycling,/fitnessActivities/948816948,-3,Mar,3,2017
466,39.92,API,True,RunKeeper,"Thu, 16 Mar 2017 12:24:48",390,9733.72,outdoor,Cycling,/fitnessActivities/948695024,-3,Mar,3,2017
467,23.0,API,True,RunKeeper,"Thu, 16 Mar 2017 07:18:32",149,5784.89,outdoor,Cycling,/fitnessActivities/948550492,-3,Mar,3,2017
468,24.43,API,True,RunKeeper,"Wed, 15 Mar 2017 12:54:09",149,5408.98,outdoor,Cycling,/fitnessActivities/948550472,-3,Mar,3,2017
469,26.18,API,True,RunKeeper,"Wed, 15 Mar 2017 07:27:36",158,6219.81,outdoor,Cycling,/fitnessActivities/948053143,-3,Mar,3,2017
470,11.97,API,True,RunKeeper,"Tue, 14 Mar 2017 16:44:51",75,3186.51,outdoor,Cycling,/fitnessActivities/947792586,-3,Mar,3,2017
471,27.92,API,True,RunKeeper,"Tue, 14 Mar 2017 12:42:29",178,6436.59,outdoor,Cycling,/fitnessActivities/947673675,-3,Mar,3,2017
472,22.73,API,True,RunKeeper,"Tue, 14 Mar 2017 07:29:18",140,6129.89,outdoor,Cycling,/fitnessActivities/947550866,-3,Mar,3,2017
473,26.18,API,True,RunKeeper,"Mon, 13 Mar 2017 12:22:32",165,5742.84,outdoor,Cycling,/fitnessActivities/947158011,-3,Mar,3,2017
474,12.08,API,True,RunKeeper,"Mon, 13 Mar 2017 07:37:39",195,4675.95,outdoor,Cycling,/fitnessActivities/947145706,-3,Mar,3,2017
475,173.72,API,True,RunKeeper,"Fri, 10 Mar 2017 13:46:12",871,11115.69,outdoor,Cycling,/fitnessActivities/945649023,-3,Mar,3,2017
476,28.02,API,True,RunKeeper,"Fri, 10 Mar 2017 07:19:42",158,6176.7,outdoor,Cycling,/fitnessActivities/945430472,-3,Mar,3,2017
477,21.85,API,True,RunKeeper,"Thu, 9 Mar 2017 12:22:35",153,5797.95,outdoor,Cycling,/fitnessActivities/945061620,-3,Mar,3,2017
478,26.4,API,True,RunKeeper,"Thu, 9 Mar 2017 07:29:31",152,6147.43,outdoor,Cycling,/fitnessActivities/944935090,-3,Mar,3,2017
479,29.82,API,True,RunKeeper,"Mon, 20 Feb 2017 05:40:38",474,5946.01,outdoor,Running,/fitnessActivities/936614445,-3,Feb,2,2017
480,39.8,API,True,RunKeeper,"Tue, 14 Feb 2017 05:50:34",445,5920.0,outdoor,Running,/fitnessActivities/933583716,-3,Feb,2,2017
481,28.62,API,True,RunKeeper,"Sat, 28 Jan 2017 16:32:16",452,5806.37,outdoor,Running,/fitnessActivities/925910560,-3,Jan,1,2017
482,33.5,API,True,RunKeeper,"Mon, 23 Jan 2017 06:35:55",465,6008.51,outdoor,Running,/fitnessActivities/923464813,-3,Jan,1,2017
483,109.2,API,True,RunKeeper,"Fri, 16 Dec 2016 13:04:25",407,4875.08,outdoor,Running,/fitnessActivities/908047763,-3,Dec,12,2016
484,60.05,API,True,RunKeeper,"Mon, 12 Dec 2016 14:14:01",379,7773.94,outdoor,Running,/fitnessActivities/907093870,-3,Dec,12,2016
485,30.82,API,True,RunKeeper,"Sat, 10 Dec 2016 10:38:44",110,1818.4,outdoor,Running,/fitnessActivities/906057975,-3,Dec,12,2016
486,29.62,API,True,RunKeeper,"Sat, 10 Dec 2016 09:21:21",162,2530.62,outdoor,Running,/fitnessActivities/906057969,-3,Dec,12,2016
487,38.38,API,True,RunKeeper,"Wed, 7 Dec 2016 15:31:56",484,6088.34,outdoor,Running,/fitnessActivities/904946765,-3,Dec,12,2016
488,21.0,API,True,RunKeeper,"Sat, 3 Dec 2016 20:17:24",179,2673.95,outdoor,Running,/fitnessActivities/903594561,-3,Dec,12,2016
489,61.27,API,True,RunKeeper,"Sat, 3 Dec 2016 10:23:11",146,1688.06,outdoor,Running,/fitnessActivities/903594544,-3,Dec,12,2016
490,15.35,API,True,RunKeeper,"Sat, 3 Dec 2016 07:44:50",80,1319.61,outdoor,Running,/fitnessActivities/903594535,-3,Dec,12,2016
491,33.75,API,True,RunKeeper,"Fri, 2 Dec 2016 16:03:22",468,5782.3,outdoor,Running,/fitnessActivities/902920684,-3,Dec,12,2016
492,31.87,API,True,RunKeeper,"Wed, 30 Nov 2016 16:22:27",465,6075.28,outdoor,Running,/fitnessActivities/902206424,-3,Nov,11,2016
493,30.77,API,True,RunKeeper,"Sun, 27 Nov 2016 16:19:31",378,5035.06,outdoor,Running,/fitnessActivities/900998868,-3,Nov,11,2016
494,53.2,API,True,RunKeeper,"Sat, 26 Nov 2016 07:30:53",156,1856.73,outdoor,Running,/fitnessActivities/900998847,-3,Nov,11,2016
495,33.42,API,True,RunKeeper,"Fri, 25 Nov 2016 16:30:56",476,6088.42,outdoor,Running,/fitnessActivities/900170972,-3,Nov,11,2016
496,28.8,API,True,RunKeeper,"Wed, 23 Nov 2016 14:21:42",112,1737.83,outdoor,Running,/fitnessActivities/900170967,-3,Nov,11,2016
497,19.6,API,True,RunKeeper,"Wed, 23 Nov 2016 13:23:34",84,1366.16,outdoor,Running,/fitnessActivities/900170962,-3,Nov,11,2016
498,48.32,API,True,RunKeeper,"Wed, 23 Nov 2016 09:21:50",160,2208.35,outdoor,Running,/fitnessActivities/899179996,-3,Nov,11,2016
499,32.6,API,True,RunKeeper,"Mon, 21 Nov 2016 16:16:48",469,6053.3,outdoor,Running,/fitnessActivities/898495439,-3,Nov,11,2016
500,32.1,API,True,RunKeeper,"Sun, 20 Nov 2016 15:51:49",466,6055.43,outdoor,Running,/fitnessActivities/898120490,-3,Nov,11,2016
501,23.25,API,True,RunKeeper,"Sat, 19 Nov 2016 19:07:24",165,2525.0,outdoor,Running,/fitnessActivities/897703699,-3,Nov,11,2016
502,21.67,API,True,RunKeeper,"Sat, 19 Nov 2016 18:31:09",149,2346.22,outdoor,Running,/fitnessActivities/897693139,-3,Nov,11,2016
503,37.62,API,True,RunKeeper,"Thu, 17 Nov 2016 17:29:01",456,6023.71,outdoor,Running,/fitnessActivities/896866606,-3,Nov,11,2016
504,21.63,API,True,RunKeeper,"Sun, 13 Nov 2016 09:04:49",126,1930.17,outdoor,Running,/fitnessActivities/894880682,-3,Nov,11,2016
505,34.43,API,True,RunKeeper,"Tue, 8 Nov 2016 06:01:28",468,6083.66,outdoor,Running,/fitnessActivities/892756871,-3,Nov,11,2016
506,36.98,API,True,RunKeeper,"Sun, 6 Nov 2016 08:10:54",126,2130.9,outdoor,Running,/fitnessActivities/891736143,-3,Nov,11,2016
507,29.05,API,True,RunKeeper,"Wed, 2 Nov 2016 13:33:01",181,4229.47,outdoor,Running,/fitnessActivities/891682182,-3,Nov,11,2016
508,55.32,API,True,RunKeeper,"Wed, 2 Nov 2016 12:05:13",172,2434.82,outdoor,Running,/fitnessActivities/889934134,-3,Nov,11,2016
509,20.53,API,True,RunKeeper,"Wed, 2 Nov 2016 09:20:41",119,1890.46,outdoor,Running,/fitnessActivities/889934114,-3,Nov,11,2016
510,35.75,API,True,RunKeeper,"Mon, 31 Oct 2016 16:36:34",426,5747.29,outdoor,Running,/fitnessActivities/889019873,-3,Oct,10,2016
511,21.6,API,True,RunKeeper,"Sat, 29 Oct 2016 09:31:48",106,1747.91,outdoor,Running,/fitnessActivities/887731824,-3,Oct,10,2016
512,57.45,API,True,RunKeeper,"Thu, 27 Oct 2016 17:33:04",391,6175.43,outdoor,Running,/fitnessActivities/887062984,-3,Oct,10,2016
513,32.9,API,True,RunKeeper,"Tue, 25 Oct 2016 17:10:27",465,6092.71,outdoor,Running,/fitnessActivities/886103776,-3,Oct,10,2016
514,22.4,API,True,RunKeeper,"Sat, 22 Oct 2016 18:42:57",134,2068.0,outdoor,Running,/fitnessActivities/884540405,-3,Oct,10,2016
515,22.37,API,True,RunKeeper,"Sat, 22 Oct 2016 07:34:03",135,1726.58,outdoor,Running,/fitnessActivities/884263106,-3,Oct,10,2016
516,27.8,API,True,RunKeeper,"Fri, 21 Oct 2016 06:08:46",448,5735.75,outdoor,Running,/fitnessActivities/883830755,-3,Oct,10,2016
517,30.02,API,True,RunKeeper,"Tue, 18 Oct 2016 06:01:12",452,5779.21,outdoor,Running,/fitnessActivities/882382333,-3,Oct,10,2016
518,28.43,API,True,RunKeeper,"Mon, 17 Oct 2016 06:14:04",450,5787.84,outdoor,Running,/fitnessActivities/881794561,-3,Oct,10,2016
519,27.98,API,True,RunKeeper,"Sat, 15 Oct 2016 11:49:00",137,1681.81,outdoor,Running,/fitnessActivities/881320295,-3,Oct,10,2016
520,30.38,API,True,RunKeeper,"Sat, 15 Oct 2016 07:55:26",98,1408.12,outdoor,Running,/fitnessActivities/881320276,-3,Oct,10,2016
521,32.53,API,True,RunKeeper,"Thu, 13 Oct 2016 05:55:27",471,6066.74,outdoor,Running,/fitnessActivities/879724086,-3,Oct,10,2016
522,37.17,API,True,RunKeeper,"Sat, 8 Oct 2016 07:39:16",125,1632.46,outdoor,Running,/fitnessActivities/879724069,-3,Oct,10,2016
523,13.42,API,True,RunKeeper,"Sat, 1 Oct 2016 10:45:41",109,1142.46,outdoor,Running,/fitnessActivities/873478977,-3,Oct,10,2016
524,34.73,API,True,RunKeeper,"Sat, 1 Oct 2016 07:38:37",131,1932.56,outdoor,Running,/fitnessActivities/873478953,-3,Oct,10,2016
525,14.02,API,True,RunKeeper,"Tue, 27 Sep 2016 19:52:49",78,1201.42,outdoor,Running,/fitnessActivities/871403740,-3,Sep,9,2016
526,203.55,API,True,RunKeeper,"Tue, 27 Sep 2016 10:23:03",559,7362.0,outdoor,Running,/fitnessActivities/871208619,-3,Sep,9,2016
527,45.27,API,True,RunKeeper,"Sat, 24 Sep 2016 11:41:45",142,1950.04,outdoor,Running,/fitnessActivities/871085668,-3,Sep,9,2016
528,13.23,API,True,RunKeeper,"Sat, 24 Sep 2016 07:55:18",65,1165.96,outdoor,Running,/fitnessActivities/869319331,-3,Sep,9,2016
529,37.95,API,True,RunKeeper,"Tue, 13 Sep 2016 05:53:10",414,5842.67,outdoor,Running,/fitnessActivities/862662102,-3,Sep,9,2016
530,70.42,API,True,RunKeeper,"Fri, 9 Sep 2016 09:01:31",367,5401.72,outdoor,Running,/fitnessActivities/860368918,-3,Sep,9,2016
531,20.47,API,True,RunKeeper,"Wed, 7 Sep 2016 14:48:44",118,1875.92,outdoor,Running,/fitnessActivities/859281417,-3,Sep,9,2016
532,51.32,API,True,RunKeeper,"Sun, 4 Sep 2016 10:28:56",232,2604.35,outdoor,Running,/fitnessActivities/857806881,-3,Sep,9,2016
533,37.67,API,True,RunKeeper,"Sat, 27 Aug 2016 11:36:35",98,1651.17,outdoor,Running,/fitnessActivities/852422837,-3,Aug,8,2016
534,0.3,API,True,RunKeeper,"Sat, 27 Aug 2016 07:59:19",0,0.0,outdoor,Running,/fitnessActivities/852324818,-3,Aug,8,2016
535,21.4,API,True,RunKeeper,"Sun, 21 Aug 2016 16:56:36",104,1875.14,outdoor,Running,/fitnessActivities/852324795,-3,Aug,8,2016
536,50.28,API,True,RunKeeper,"Fri, 19 Aug 2016 11:27:59",210,3358.49,outdoor,Running,/fitnessActivities/847529088,-3,Aug,8,2016
537,39.45,API,True,RunKeeper,"Fri, 19 Aug 2016 09:18:05",324,3093.13,outdoor,Running,/fitnessActivities/847476808,-3,Aug,8,2016
538,33.93,API,True,RunKeeper,"Sun, 14 Aug 2016 14:58:01",228,3470.17,outdoor,Running,/fitnessActivities/844532207,-3,Aug,8,2016
539,13.23,API,True,RunKeeper,"Sun, 14 Aug 2016 14:24:10",182,2418.75,outdoor,Running,/fitnessActivities/844501490,-3,Aug,8,2016
540,18.48,API,True,RunKeeper,"Sun, 31 Jul 2016 12:30:27",261,3526.11,outdoor,Running,/fitnessActivities/835895196,-3,Jul,7,2016
541,49.7,API,True,RunKeeper,"Sun, 31 Jul 2016 11:39:30",193,2272.81,outdoor,Running,/fitnessActivities/835895188,-3,Jul,7,2016
542,37.85,API,True,RunKeeper,"Sun, 19 Jun 2016 15:54:04",420,5850.38,outdoor,Running,/fitnessActivities/810514835,-3,Jun,6,2016
543,135.1,API,True,RunKeeper,"Sat, 18 Jun 2016 07:13:03",781,7463.44,outdoor,Running,/fitnessActivities/809687187,-3,Jun,6,2016
544,42.72,API,True,RunKeeper,"Sat, 18 Jun 2016 06:08:27",373,4123.85,outdoor,Running,/fitnessActivities/809687157,-3,Jun,6,2016
545,34.78,API,True,RunKeeper,"Wed, 15 Jun 2016 06:02:52",458,6129.75,outdoor,Running,/fitnessActivities/807853214,-3,Jun,6,2016
546,13.15,API,True,RunKeeper,"Mon, 13 Jun 2016 17:06:40",59,615.71,outdoor,Running,/fitnessActivities/806924800,-3,Jun,6,2016
547,10.1,API,True,RunKeeper,"Mon, 13 Jun 2016 15:03:52",299,549.76,outdoor,Running,/fitnessActivities/806901919,-3,Jun,6,2016
548,26.57,API,True,RunKeeper,"Mon, 13 Jun 2016 05:50:21",450,5756.3,outdoor,Running,/fitnessActivities/806547477,-3,Jun,6,2016
549,27.23,API,True,RunKeeper,"Fri, 10 Jun 2016 05:58:37",451,5797.35,outdoor,Running,/fitnessActivities/804841603,-3,Jun,6,2016
550,36.82,API,True,RunKeeper,"Mon, 23 May 2016 06:08:33",429,5884.05,outdoor,Running,/fitnessActivities/793442865,-3,May,5,2016
551,27.68,API,True,RunKeeper,"Mon, 16 May 2016 05:54:44",455,5814.91,outdoor,Running,/fitnessActivities/788769831,-3,May,5,2016
552,31.03,API,True,RunKeeper,"Sat, 14 May 2016 06:09:23",451,5835.27,outdoor,Running,/fitnessActivities/787533188,-3,May,5,2016
553,27.33,API,True,RunKeeper,"Thu, 5 May 2016 05:43:14",453,5786.6,outdoor,Running,/fitnessActivities/781785039,-3,May,5,2016
554,30.2,API,True,RunKeeper,"Tue, 3 May 2016 05:49:35",447,5887.67,outdoor,Running,/fitnessActivities/780351088,-3,May,5,2016
555,30.62,API,True,RunKeeper,"Wed, 20 Apr 2016 05:51:15",456,5734.59,outdoor,Running,/fitnessActivities/772361130,-3,Apr,4,2016
556,7.5,API,True,RunKeeper,"Mon, 18 Apr 2016 06:19:21",63,1047.16,outdoor,Running,/fitnessActivities/770943625,-3,Apr,4,2016
557,26.43,API,True,RunKeeper,"Mon, 18 Apr 2016 05:50:48",565,5782.77,outdoor,Running,/fitnessActivities/770943610,-3,Apr,4,2016
558,27.18,API,True,RunKeeper,"Mon, 11 Apr 2016 05:23:04",458,5895.76,outdoor,Running,/fitnessActivities/766282546,-3,Apr,4,2016
559,133.97,API,True,RunKeeper,"Thu, 7 Apr 2016 07:34:36",660,3698.49,outdoor,Running,/fitnessActivities/764018100,-3,Apr,4,2016
560,39.42,API,True,RunKeeper,"Tue, 29 Mar 2016 05:38:59",435,5990.81,outdoor,Running,/fitnessActivities/759716642,-3,Mar,3,2016
561,27.33,API,True,RunKeeper,"Wed, 23 Mar 2016 06:08:51",454,5749.38,outdoor,Running,/fitnessActivities/755079850,-3,Mar,3,2016
562,28.03,API,True,RunKeeper,"Mon, 21 Mar 2016 05:57:29",455,5789.03,outdoor,Running,/fitnessActivities/753860205,-3,Mar,3,2016
563,4.35,API,True,RunKeeper,"Sun, 20 Mar 2016 17:04:57",49,779.13,outdoor,Running,/fitnessActivities/753646484,-3,Mar,3,2016
564,27.27,API,True,RunKeeper,"Mon, 14 Mar 2016 05:52:20",447,5674.95,outdoor,Running,/fitnessActivities/749797852,-3,Mar,3,2016
565,14.98,API,True,RunKeeper,"Tue, 8 Mar 2016 13:22:25",75,1213.08,outdoor,Running,/fitnessActivities/747371294,-3,Mar,3,2016
566,28.2,API,True,RunKeeper,"Mon, 7 Mar 2016 06:03:09",462,5838.99,outdoor,Running,/fitnessActivities/745796497,-3,Mar,3,2016
567,58.43,API,True,RunKeeper,"Sun, 6 Mar 2016 13:53:27",253,3927.29,outdoor,Running,/fitnessActivities/745656183,-3,Mar,3,2016
568,26.12,API,True,RunKeeper,"Sun, 6 Mar 2016 11:23:33",101,1593.61,outdoor,Running,/fitnessActivities/745656175,-3,Mar,3,2016
569,30.35,API,True,RunKeeper,"Thu, 3 Mar 2016 05:52:24",489,6154.29,outdoor,Running,/fitnessActivities/743736231,-3,Mar,3,2016
570,48.85,API,True,RunKeeper,"Wed, 2 Mar 2016 18:26:34",105,844.11,outdoor,Running,/fitnessActivities/743518140,-3,Mar,3,2016
571,31.95,API,True,RunKeeper,"Mon, 29 Feb 2016 06:05:33",467,5805.84,outdoor,Running,/fitnessActivities/742107339,-3,Feb,2,2016
572,56.18,API,True,RunKeeper,"Sun, 28 Feb 2016 10:41:56",205,3016.58,outdoor,Running,/fitnessActivities/742025830,-3,Feb,2,2016
573,29.95,API,True,RunKeeper,"Mon, 22 Feb 2016 06:09:37",366,4815.52,outdoor,Running,/fitnessActivities/738351372,-3,Feb,2,2016
574,31.15,API,True,RunKeeper,"Mon, 15 Feb 2016 05:55:11",353,4555.47,outdoor,Running,/fitnessActivities/734684880,-3,Feb,2,2016
575,24.63,API,True,RunKeeper,"Wed, 4 Nov 2015 06:07:28",238,3272.86,outdoor,Running,/fitnessActivities/695107893,-2,Nov,11,2015
576,23.17,API,True,RunKeeper,"Tue, 27 Oct 2015 05:57:52",357,4675.9,outdoor,Running,/fitnessActivities/682306939,-2,Oct,10,2015
577,22.63,API,True,RunKeeper,"Fri, 25 Sep 2015 06:03:30",365,4683.07,outdoor,Running,/fitnessActivities/662964078,-3,Sep,9,2015
578,23.03,API,True,RunKeeper,"Tue, 22 Sep 2015 06:05:45",361,4655.55,outdoor,Running,/fitnessActivities/660961272,-3,Sep,9,2015
579,24.31,API,True,RunKeeper,"Mon, 25 May 2015 05:40:07",362,4703.84,outdoor,Running,/fitnessActivities/577596948,-3,May,5,2015
580,23.62,API,True,RunKeeper,"Thu, 30 Apr 2015 05:56:58",360,4672.89,outdoor,Running,/fitnessActivities/559747998,-3,Apr,4,2015
581,23.29,API,True,RunKeeper,"Wed, 22 Apr 2015 05:53:43",520,4690.98,outdoor,Running,/fitnessActivities/554014359,-3,Apr,4,2015
582,25.0,Web,True,RunKeeper,"Mon, 20 Apr 2015 05:40:00",343,4498.64,outdoor,Running,/fitnessActivities/553679343,-3,Apr,4,2015
583,23.95,API,True,RunKeeper,"Sat, 15 Mar 2014 22:15:59",130,1984.28,outdoor,Running,/fitnessActivities/439268589,-3,Mar,3,2014
584,13.99,API,True,RunKeeper,"Sat, 15 Mar 2014 18:25:50",65,986.25,outdoor,Running,/fitnessActivities/439268582,-3,Mar,3,2014
